Timestamp,Age,Primary streaming service,Hours per day,While working,Instrumentalist,Composer,Fav genre,Exploratory,Foreign languages,BPM,Frequency [Classical],Frequency [Country],Frequency [EDM],Frequency [Folk],Frequency [Gospel],Frequency [Hip hop],Frequency [Jazz],Frequency [K pop],Frequency [Latin],Frequency [Lofi],Frequency [Metal],Frequency [Pop],Frequency [R&B],Frequency [Rap],Frequency [Rock],Frequency [Video game music],Anxiety,Depression,Insomnia,OCD,Music effects,Permissions
8/27/2022 21:28:18,18.0,Spotify,4.0,No,No,No,Video game music,No,Yes,132.0,0,0,3,0,0,1,1,3,0,2,2,1,0,1,1,3,7.0,7.0,10.0,2.0,No effect,I understand.
8/27/2022 21:40:40,61.0,YouTube Music,2.5,Yes,No,Yes,Jazz,Yes,Yes,84.0,2,0,0,1,2,0,3,2,3,2,0,2,2,0,0,0,9.0,7.0,3.0,3.0,Improve,I understand.
8/27/2022 21:54:47,18.0,Spotify,4.0,Yes,No,No,R&B,Yes,No,107.0,0,0,1,0,1,3,0,3,2,2,0,2,3,3,0,1,7.0,2.0,5.0,9.0,Improve,I understand.
8/27/2022 21:56:50,18.0,Spotify,5.0,Yes,Yes,Yes,Jazz,Yes,Yes,86.0,1,2,0,0,0,2,3,3,1,3,1,3,3,3,3,0,8.0,8.0,7.0,7.0,Improve,I understand.
8/27/2022 22:00:29,18.0,YouTube Music,3.0,Yes,Yes,No,Video game music,Yes,Yes,66.0,2,0,1,2,1,1,2,0,1,1,1,1,1,0,0,2,4.0,8.0,6.0,0.0,Improve,I understand.
8/27/2022 22:18:59,21.0,Spotify,1.0,Yes,No,No,K pop,Yes,Yes,95.0,0,0,1,0,0,3,1,3,0,2,0,2,2,1,0,1,5.0,3.0,5.0,3.0,Improve,I understand.
8/27/2022 22:33:05,19.0,Spotify,6.0,Yes,No,No,Rock,No,No,94.0,0,3,0,2,0,0,0,0,0,0,3,0,0,0,3,0,2.0,0.0,0.0,0.0,Improve,I understand.
8/27/2022 22:44:03,18.0,I do not use a streaming service.,1.0,Yes,No,No,R&B,Yes,Yes,155.0,1,1,1,1,2,1,1,0,1,1,0,2,2,1,2,2,2.0,2.0,5.0,1.0,Improve,I understand.
8/27/2022 23:00:32,19.0,YouTube Music,8.0,Yes,No,No,EDM,Yes,No,125.0,1,0,3,0,0,2,1,1,1,1,0,1,1,2,1,1,1.0,0.0,0.0,1.0,Improve,I understand.
8/27/2022 23:12:03,19.0,Spotify,2.0,Yes,No,No,Country,Yes,No,88.0,0,3,1,2,0,2,0,0,0,1,0,1,0,3,0,0,2.0,1.0,2.0,0.0,Improve,I understand.
8/27/2022 23:16:06,18.0,Spotify,4.0,Yes,Yes,No,Jazz,Yes,Yes,148.0,3,1,0,0,0,0,3,0,2,1,2,2,0,0,2,1,6.0,4.0,7.0,0.0,Improve,I understand.
8/27/2022 23:39:41,16.0,Spotify,8.0,Yes,No,No,Hip hop,Yes,Yes,103.0,0,0,0,0,0,3,0,0,0,0,0,0,2,3,0,1,8.0,8.0,4.0,3.0,Improve,I understand.
8/27/2022 23:39:49,16.0,Spotify,12.0,Yes,No,Yes,Hip hop,Yes,Yes,120.0,1,0,2,1,0,3,1,0,0,0,2,2,1,2,3,0,5.0,7.0,10.0,0.0,Improve,I understand.
8/27/2022 23:40:55,17.0,Spotify,24.0,Yes,No,No,Rap,Yes,No,99.0,1,0,0,0,0,2,2,2,1,0,2,1,2,3,3,0,7.0,5.0,0.0,3.0,Improve,I understand.
8/27/2022 23:41:36,15.0,Spotify,3.0,No,No,No,Hip hop,No,No,120.0,0,0,0,0,0,3,1,0,0,0,1,1,2,3,1,0,7.0,3.0,0.0,2.0,Improve,I understand.
8/27/2022 23:43:06,15.0,Apple Music,8.0,Yes,No,No,Hip hop,Yes,Yes,120.0,1,0,2,1,0,3,2,3,2,1,1,3,1,3,2,2,6.0,9.0,3.0,0.0,Improve,I understand.
8/28/2022 0:28:02,17.0,Spotify,4.0,Yes,No,No,Rap,Yes,No,125.0,0,1,1,0,0,2,0,0,0,1,1,2,0,3,2,0,10.0,10.0,2.0,4.0,Improve,I understand.
8/28/2022 1:39:02,19.0,I do not use a streaming service.,5.0,Yes,No,No,R&B,Yes,Yes,118.0,1,1,2,3,1,3,2,0,0,1,1,1,3,3,2,1,6.0,7.0,5.0,4.0,Improve,I understand.
8/28/2022 3:19:08,18.0,Spotify,2.0,Yes,No,No,Pop,No,Yes,79.0,1,1,2,0,0,1,0,1,2,0,0,3,0,0,0,1,3.0,3.0,8.0,6.0,No effect,I understand.
8/28/2022 4:13:11,16.0,Other streaming service,3.0,Yes,Yes,Yes,Rock,Yes,Yes,84.0,1,1,0,1,2,2,2,0,1,0,2,0,2,1,3,2,10.0,6.0,8.0,10.0,Improve,I understand.
8/28/2022 4:38:14,18.0,Spotify,2.0,No,No,No,Pop,Yes,Yes,169.0,2,1,1,3,1,1,1,3,0,2,0,3,2,2,2,0,7.0,4.0,2.0,5.0,Improve,I understand.
8/28/2022 4:40:36,14.0,Spotify,12.0,Yes,Yes,Yes,Rock,Yes,Yes,136.0,2,2,1,1,1,3,2,0,0,3,0,3,3,3,3,2,8.0,6.0,10.0,5.0,Improve,I understand.
8/28/2022 5:05:51,18.0,YouTube Music,6.0,Yes,Yes,Yes,Pop,No,Yes,101.0,2,1,1,1,1,2,2,0,0,0,0,3,2,2,0,0,3.0,2.0,1.0,2.0,Improve,I understand.
8/28/2022 5:16:30,17.0,Spotify,2.0,Yes,Yes,No,Pop,Yes,Yes,126.0,0,3,1,1,0,0,1,2,3,1,1,3,1,0,2,2,6.0,6.0,4.0,5.0,Improve,I understand.
8/28/2022 8:36:27,17.0,Apple Music,1.0,Yes,No,No,Pop,Yes,No,183.0,1,0,0,1,0,0,2,0,0,0,2,2,0,0,2,0,8.0,2.0,1.0,5.0,Improve,I understand.
8/28/2022 10:38:05,19.0,Spotify,2.0,Yes,No,No,Classical,No,No,120.0,3,0,0,0,0,1,1,0,0,2,0,3,0,0,0,3,4.0,4.0,4.0,3.0,No effect,I understand.
8/28/2022 10:59:53,17.0,Spotify,4.0,No,No,No,Rock,Yes,Yes,142.0,1,1,1,3,0,2,1,1,0,1,1,3,1,2,3,1,5.0,6.0,6.0,1.0,Improve,I understand.
8/28/2022 11:08:51,16.0,Spotify,1.0,Yes,No,No,Classical,No,No,75.0,3,0,0,1,0,0,0,0,0,0,1,0,0,0,0,1,0.0,0.0,0.0,0.0,No effect,I understand.
8/28/2022 11:13:25,18.0,Spotify,5.0,Yes,Yes,No,Pop,Yes,No,120.0,2,1,2,1,2,2,1,2,1,2,1,3,2,2,1,0,3.0,2.0,1.0,1.0,Improve,I understand.
8/28/2022 11:25:49,21.0,Spotify,4.0,Yes,No,No,Pop,No,Yes,89.0,0,0,1,0,0,2,0,1,1,0,0,3,0,1,0,0,6.0,8.0,0.0,2.0,Improve,I understand.
8/28/2022 11:36:35,26.0,Other streaming service,0.5,No,No,No,Rock,No,Yes,140.0,1,0,1,2,0,0,1,0,0,0,0,1,0,0,3,0,9.0,8.0,1.0,0.0,No effect,I understand.
8/28/2022 11:39:21,20.0,Spotify,4.0,Yes,No,No,EDM,Yes,No,161.0,1,1,3,2,1,2,1,2,0,2,1,3,3,2,3,1,7.0,2.0,8.0,6.0,Improve,I understand.
8/28/2022 11:50:31,23.0,YouTube Music,2.0,Yes,Yes,Yes,Video game music,Yes,No,80.0,2,1,0,1,2,0,2,1,1,1,1,2,2,1,2,3,4.0,2.0,3.0,4.0,Improve,I understand.
8/28/2022 11:54:45,18.0,Spotify,5.0,Yes,Yes,No,Rock,Yes,No,130.0,3,0,0,2,0,2,2,1,0,2,3,2,1,2,3,2,7.0,6.0,5.0,0.0,Improve,I understand.
8/28/2022 11:55:54,37.0,YouTube Music,0.25,No,No,No,Video game music,Yes,No,147.0,3,1,0,1,0,1,2,0,1,0,0,3,2,0,2,2,3.0,2.0,10.0,0.0,No effect,I understand.
8/28/2022 11:58:48,17.0,Spotify,3.0,Yes,No,No,Classical,Yes,Yes,120.0,3,0,3,0,0,3,2,2,1,2,0,2,3,3,1,2,6.0,6.0,8.0,2.0,Improve,I understand.
8/28/2022 12:08:29,18.0,Spotify,4.0,Yes,No,No,Metal,Yes,Yes,77.0,1,0,0,0,0,3,1,0,0,0,3,2,2,3,3,3,1.0,0.0,8.0,2.0,No effect,I understand.
8/28/2022 12:12:35,17.0,I do not use a streaming service.,1.0,Yes,Yes,Yes,Folk,No,No,118.0,0,2,1,3,0,1,0,0,1,1,1,1,1,2,2,2,7.0,3.0,1.0,5.0,Improve,I understand.
8/28/2022 12:15:02,36.0,Spotify,1.0,No,Yes,Yes,Classical,No,No,132.0,3,2,0,1,0,0,0,0,0,0,2,1,0,0,2,0,8.0,9.0,3.0,0.0,No effect,I understand.
8/28/2022 12:23:52,24.0,Spotify,3.0,Yes,No,No,Rock,Yes,Yes,115.0,1,0,1,2,0,0,0,1,0,3,1,2,0,0,3,2,9.0,6.0,4.0,3.0,Improve,I understand.
8/28/2022 12:30:08,18.0,Spotify,5.0,Yes,No,Yes,Metal,Yes,Yes,157.0,0,0,1,1,0,3,1,0,1,1,3,2,1,3,3,0,7.0,9.0,5.0,0.0,Improve,I understand.
8/28/2022 12:32:09,19.0,Spotify,3.0,Yes,No,No,Pop,No,Yes,90.0,2,1,2,0,0,3,2,1,0,2,1,3,2,2,2,2,7.0,4.0,2.0,4.0,No effect,I understand.
8/28/2022 12:37:17,17.0,Apple Music,2.0,Yes,Yes,No,EDM,Yes,No,128.0,0,1,3,0,0,1,0,0,1,1,3,2,2,2,3,1,0.0,0.0,0.0,0.0,Improve,I understand.
8/28/2022 12:39:49,16.0,Spotify,6.0,Yes,No,No,K pop,Yes,Yes,169.0,1,0,0,1,2,3,1,3,3,3,0,2,3,3,1,0,7.0,8.0,7.0,5.0,Improve,I understand.
8/28/2022 12:52:19,23.0,Apple Music,1.0,No,No,No,Rap,No,Yes,140.0,2,1,2,1,0,3,3,0,0,0,2,1,1,3,3,1,10.0,6.0,3.0,10.0,No effect,I understand.
8/28/2022 12:53:01,23.0,Spotify,12.0,Yes,No,No,Pop,Yes,Yes,96.0,3,1,0,3,0,1,2,1,1,1,0,3,2,1,1,0,3.0,7.0,5.0,5.0,No effect,I understand.
8/28/2022 12:54:35,22.0,Spotify,4.0,Yes,No,Yes,Rock,Yes,Yes,126.0,1,0,1,2,0,1,1,0,0,1,2,3,2,1,3,1,8.0,7.0,4.0,3.0,Improve,I understand.
8/28/2022 13:05:46,18.0,Spotify,6.0,Yes,No,No,Rock,Yes,No,91.0,1,0,0,1,0,0,0,0,0,0,3,1,0,2,3,0,8.0,6.0,2.0,10.0,No effect,I understand.
8/28/2022 13:09:53,23.0,Spotify,7.0,Yes,No,No,Folk,Yes,Yes,55.0,1,3,0,3,3,2,1,0,1,0,2,2,1,1,1,2,6.0,4.0,2.0,3.0,Improve,I understand.
8/28/2022 13:18:19,23.0,I do not use a streaming service.,1.0,Yes,Yes,No,Video game music,No,No,85.0,2,2,2,1,0,1,2,1,1,3,0,2,3,1,2,3,7.0,0.0,0.0,2.0,Improve,I understand.
8/28/2022 13:22:36,19.0,YouTube Music,1.0,No,Yes,No,K pop,Yes,Yes,160.0,0,0,0,0,0,0,2,3,0,0,0,0,0,0,0,1,10.0,1.0,0.0,0.0,Improve,I understand.
8/28/2022 13:22:53,22.0,Pandora,1.0,No,Yes,No,Rock,Yes,No,108.0,1,0,2,1,0,0,3,0,0,0,0,2,1,0,3,1,8.0,7.0,0.0,5.0,Improve,I understand.
8/28/2022 13:34:00,15.0,Other streaming service,2.0,Yes,Yes,No,Rock,No,No,156.0,0,0,1,1,0,0,0,0,0,1,2,2,0,0,3,2,3.0,2.0,6.0,7.0,Improve,I understand.
8/28/2022 13:34:27,25.0,Spotify,2.0,No,No,No,Metal,No,Yes,170.0,1,1,1,2,0,1,0,1,0,1,3,2,0,1,3,3,5.0,5.0,3.0,1.0,No effect,I understand.
8/28/2022 13:42:20,32.0,Spotify,5.0,Yes,No,No,Rock,No,Yes,91.0,2,0,1,2,0,2,1,1,0,0,3,3,3,1,3,0,10.0,10.0,3.0,1.0,Worsen,I understand.
8/28/2022 13:43:06,36.0,Spotify,6.0,Yes,No,No,Metal,Yes,Yes,174.0,3,0,1,3,0,0,0,2,0,1,3,1,0,0,2,3,5.0,4.0,10.0,2.0,Improve,I understand.
8/28/2022 13:46:03,24.0,Spotify,3.0,No,No,No,Rock,Yes,Yes,130.0,2,2,0,1,0,0,1,0,1,0,3,3,0,0,3,0,0.0,0.0,8.0,0.0,No effect,I understand.
8/28/2022 13:48:11,29.0,Spotify,4.0,No,No,No,Hip hop,Yes,No,140.0,1,2,1,0,1,3,1,1,1,1,0,2,2,2,2,0,8.0,8.0,5.0,10.0,Improve,I understand.
8/28/2022 13:55:45,41.0,Apple Music,3.0,Yes,Yes,Yes,Metal,Yes,Yes,130.0,2,0,2,0,0,1,1,0,0,2,2,2,0,1,1,0,10.0,7.0,8.0,0.0,Improve,I understand.
8/28/2022 13:57:47,36.0,I do not use a streaming service.,2.0,Yes,Yes,Yes,Rock,Yes,No,127.0,2,1,3,2,1,1,3,0,0,0,3,2,1,1,3,2,7.0,3.0,1.0,1.0,Improve,I understand.
8/28/2022 13:59:16,19.0,YouTube Music,3.0,Yes,No,No,Rock,Yes,No,160.0,1,2,2,1,0,2,1,0,2,2,2,2,3,3,3,1,8.0,7.0,4.0,0.0,Improve,I understand.
8/28/2022 14:02:12,26.0,Spotify,2.0,Yes,Yes,Yes,Hip hop,Yes,Yes,165.0,1,1,3,1,1,3,1,1,1,1,1,2,1,3,3,1,6.0,3.0,1.0,1.0,Improve,I understand.
8/28/2022 14:04:09,22.0,Apple Music,0.5,No,No,No,Hip hop,No,No,113.0,2,0,0,0,0,3,1,0,1,0,0,2,2,3,0,0,7.0,7.0,0.0,1.0,No effect,I understand.
8/28/2022 14:04:20,16.0,Spotify,5.0,Yes,Yes,Yes,Jazz,Yes,Yes,167.0,2,1,0,0,1,1,3,3,1,0,0,3,1,3,2,0,7.0,7.0,8.0,4.0,Improve,I understand.
8/28/2022 14:07:29,17.0,Spotify,5.0,Yes,No,No,Metal,Yes,Yes,95.0,0,2,1,1,0,0,0,0,0,0,3,1,0,0,3,2,4.0,1.0,0.0,0.0,Improve,I understand.
8/28/2022 14:08:57,19.0,Spotify,10.0,Yes,No,No,R&B,Yes,Yes,110.0,0,1,3,0,0,2,0,3,0,0,0,1,3,1,0,0,7.0,2.0,1.0,5.0,Improve,I understand.
8/28/2022 14:10:04,18.0,YouTube Music,2.0,No,No,No,EDM,No,Yes,150.0,2,1,3,0,1,1,1,0,0,2,0,3,1,2,1,3,9.0,0.0,5.0,10.0,Improve,I understand.
8/28/2022 14:10:17,18.0,YouTube Music,4.0,Yes,No,No,Hip hop,Yes,Yes,93.0,0,0,1,0,0,3,2,2,1,2,0,3,3,3,2,1,2.0,7.0,1.0,1.0,Improve,I understand.
8/28/2022 14:12:55,19.0,Spotify,5.0,No,Yes,Yes,Rock,Yes,Yes,90.0,1,0,0,1,0,2,3,0,3,1,2,1,2,1,3,1,10.0,8.0,7.0,0.0,Improve,I understand.
8/28/2022 14:14:48,19.0,Spotify,3.0,Yes,No,No,Jazz,Yes,No,118.0,1,0,1,0,0,3,3,1,2,3,0,2,2,2,1,3,3.0,0.0,0.0,0.0,Improve,I understand.
8/28/2022 14:18:22,22.0,Spotify,2.0,Yes,No,No,K pop,Yes,Yes,126.0,0,0,3,0,0,2,0,3,0,0,0,2,0,2,3,1,7.0,8.0,5.0,1.0,No effect,I understand.
8/28/2022 14:24:10,16.0,Spotify,2.5,Yes,Yes,Yes,Rock,Yes,Yes,103.0,1,2,0,3,0,1,2,0,2,2,1,3,1,0,3,1,2.0,1.0,0.0,0.0,Improve,I understand.
8/28/2022 14:25:08,19.0,Spotify,3.0,Yes,No,No,R&B,Yes,Yes,77.0,1,0,2,0,0,3,1,3,1,1,1,3,3,3,1,3,5.0,4.0,0.0,1.0,Improve,I understand.
8/28/2022 14:26:12,37.0,Spotify,1.0,Yes,No,No,Rock,No,No,115.0,1,1,1,1,0,1,1,1,0,1,1,2,1,1,3,0,9.0,10.0,6.0,10.0,No effect,I understand.
8/28/2022 14:29:29,14.0,Spotify,7.0,Yes,Yes,No,Jazz,No,No,110.0,1,0,3,0,0,0,3,0,2,0,0,2,0,0,3,3,2.0,0.0,0.0,0.0,Improve,I understand.
8/28/2022 14:38:19,26.0,Spotify,1.0,No,No,No,R&B,No,No,113.0,1,2,0,2,0,3,3,0,0,0,3,3,3,3,3,0,3.0,2.0,0.0,0.0,No effect,I understand.
8/28/2022 14:41:04,32.0,Spotify,3.0,Yes,No,No,Hip hop,No,No,157.0,0,0,1,0,0,3,0,0,2,1,0,2,3,3,1,0,2.0,0.0,7.0,0.0,No effect,I understand.
8/28/2022 14:45:44,30.0,Spotify,5.0,Yes,Yes,No,Metal,Yes,No,160.0,2,1,0,2,0,1,0,0,0,0,3,2,0,0,3,0,7.0,6.0,6.0,2.0,No effect,I understand.
8/28/2022 14:47:08,43.0,I do not use a streaming service.,6.0,Yes,Yes,Yes,Video game music,Yes,Yes,109.0,2,1,3,1,1,1,1,2,1,3,1,2,1,0,2,3,5.0,4.0,8.0,3.0,No effect,I understand.
8/28/2022 14:49:18,24.0,Spotify,4.0,Yes,No,No,Classical,Yes,Yes,175.0,3,1,1,0,0,1,1,0,0,0,2,3,1,0,3,1,4.0,6.0,5.0,3.0,Improve,I understand.
8/28/2022 14:51:02,36.0,YouTube Music,1.0,Yes,No,No,Rock,Yes,No,110.0,2,1,0,0,0,0,0,0,0,0,1,2,1,1,3,0,6.0,2.0,3.0,1.0,Improve,I understand.
8/28/2022 14:58:17,19.0,YouTube Music,4.0,Yes,No,No,Video game music,Yes,No,162.0,1,0,1,0,0,1,2,0,0,2,0,2,0,0,1,3,8.0,2.0,1.0,6.0,Improve,I understand.
8/28/2022 14:59:05,22.0,Spotify,10.0,Yes,No,No,Metal,Yes,Yes,189.0,1,3,0,3,0,0,1,0,0,0,3,1,0,1,2,2,9.0,6.0,0.0,6.0,Improve,I understand.
8/28/2022 15:02:14,20.0,Spotify,3.0,No,No,Yes,EDM,Yes,Yes,121.0,1,2,3,0,0,2,0,1,0,2,0,2,0,2,2,1,0.0,3.0,7.0,0.0,Improve,I understand.
8/28/2022 15:03:51,31.0,Spotify,2.0,No,No,No,Rock,Yes,No,200.0,1,1,0,1,0,1,1,0,0,1,2,2,0,1,3,0,8.0,9.0,6.0,2.0,Improve,I understand.
8/28/2022 15:03:56,19.0,Spotify,4.0,Yes,No,No,Metal,Yes,Yes,105.0,2,0,0,0,0,2,2,1,0,0,2,2,1,2,3,1,4.0,1.0,1.0,1.0,Improve,I understand.
8/28/2022 15:07:16,15.0,Spotify,8.0,Yes,No,No,Rock,No,No,193.0,0,0,0,0,0,0,0,0,0,0,2,1,0,0,3,1,8.0,7.0,5.0,0.0,Improve,I understand.
8/28/2022 15:09:31,18.0,Spotify,2.0,No,Yes,Yes,Metal,Yes,Yes,149.0,0,0,1,0,0,2,0,0,0,0,3,2,0,1,3,1,3.0,4.0,6.0,1.0,Improve,I understand.
8/28/2022 15:22:00,25.0,I do not use a streaming service.,0.5,No,Yes,No,Classical,No,No,140.0,3,0,0,0,1,0,2,0,2,0,1,1,1,0,3,2,1.0,1.0,3.0,1.0,Improve,I understand.
8/28/2022 15:32:38,17.0,Apple Music,5.0,Yes,No,No,Metal,Yes,No,134.0,0,1,0,0,0,2,0,0,0,1,3,2,2,2,3,1,10.0,8.0,6.0,7.0,No effect,I understand.
8/28/2022 15:41:56,28.0,YouTube Music,1.0,No,No,No,Rock,Yes,No,120.0,1,0,3,2,0,0,0,0,0,1,1,1,0,0,2,1,6.0,6.0,2.0,0.0,No effect,I understand.
8/28/2022 16:04:58,20.0,Spotify,3.0,Yes,No,No,Rock,Yes,Yes,170.0,0,0,1,0,0,1,0,2,0,1,1,2,2,1,3,2,6.0,7.0,0.0,0.0,Improve,I understand.
8/28/2022 16:07:28,21.0,YouTube Music,2.0,Yes,Yes,No,Metal,Yes,Yes,107.0,2,1,0,3,0,0,1,0,0,1,3,1,0,1,2,3,8.0,4.0,10.0,0.0,No effect,I understand.
8/28/2022 16:07:51,41.0,Spotify,3.0,Yes,No,No,Pop,No,Yes,113.0,2,0,1,1,1,3,2,1,1,0,1,3,3,2,3,0,9.0,7.0,6.0,2.0,No effect,I understand.
8/28/2022 16:08:12,20.0,Spotify,2.0,Yes,Yes,No,Pop,Yes,No,126.0,0,0,2,0,0,1,0,0,0,0,0,3,0,1,3,2,7.0,4.0,6.0,5.0,Improve,I understand.
8/28/2022 16:13:28,34.0,Other streaming service,4.0,Yes,No,No,Metal,Yes,Yes,161.0,1,0,2,0,0,2,1,0,0,0,3,1,0,2,2,1,6.0,7.0,0.0,0.0,No effect,I understand.
8/28/2022 16:15:08,23.0,Spotify,2.0,Yes,No,No,Metal,Yes,Yes,100.0,1,0,0,1,0,0,0,0,0,2,3,1,0,0,2,1,6.0,3.0,0.0,1.0,Improve,I understand.
8/28/2022 16:15:39,16.0,Spotify,3.0,No,No,No,Pop,No,No,140.0,1,0,0,0,0,2,1,0,1,0,0,3,2,1,0,0,7.0,5.0,5.0,3.0,Improve,I understand.
8/28/2022 16:15:58,19.0,YouTube Music,4.0,Yes,No,No,Pop,Yes,No,156.0,1,1,1,1,0,2,1,1,0,0,1,3,1,2,2,2,7.0,10.0,5.0,0.0,Improve,I understand.
8/28/2022 16:23:43,22.0,Spotify,2.0,Yes,Yes,No,Rock,Yes,Yes,98.0,2,0,0,1,0,2,2,0,2,1,1,3,2,2,3,2,8.0,6.0,0.0,0.0,Improve,I understand.
8/28/2022 16:27:00,19.0,Spotify,8.0,Yes,No,No,K pop,Yes,Yes,100.0,3,0,1,0,0,2,2,3,0,3,0,3,2,1,1,1,4.0,3.0,0.0,0.0,Improve,I understand.
8/28/2022 16:30:17,23.0,Spotify,4.0,Yes,No,No,Hip hop,Yes,Yes,78.0,1,0,2,2,0,3,1,3,2,3,1,3,3,3,2,2,7.0,6.0,7.0,5.0,Improve,I understand.
8/28/2022 16:30:36,23.0,Spotify,2.0,No,Yes,No,Metal,No,Yes,117.0,0,0,1,0,0,1,1,0,0,0,3,0,0,1,2,0,7.0,3.0,2.0,3.0,Improve,I understand.
8/28/2022 16:32:40,22.0,Spotify,1.0,No,No,Yes,EDM,Yes,No,128.0,0,0,3,0,1,2,2,0,0,0,0,3,3,2,2,0,2.0,7.0,5.0,0.0,Improve,I understand.
8/28/2022 16:34:03,17.0,Spotify,3.0,Yes,No,No,Rock,Yes,No,130.0,1,2,2,2,0,1,1,1,0,3,2,3,3,2,3,2,7.0,8.0,6.0,5.0,Improve,I understand.
8/28/2022 16:37:00,28.0,Spotify,0.5,No,No,No,Folk,Yes,No,130.0,1,2,0,3,0,1,1,0,0,0,0,2,0,1,3,1,4.0,7.0,1.0,0.0,Improve,I understand.
8/28/2022 16:53:26,19.0,Apple Music,3.0,Yes,No,No,Rock,Yes,Yes,126.0,0,2,2,0,0,3,0,0,0,1,1,1,1,2,3,2,5.0,2.0,8.0,6.0,Improve,I understand.
8/28/2022 16:58:35,17.0,Spotify,2.0,Yes,Yes,Yes,Hip hop,Yes,Yes,122.0,1,0,2,2,0,3,2,1,1,1,3,1,1,3,3,0,10.0,7.0,4.0,2.0,Improve,I understand.
8/28/2022 17:14:08,21.0,YouTube Music,1.0,No,No,No,Rock,Yes,No,179.0,0,1,0,1,0,2,1,0,0,3,2,1,2,2,3,1,6.0,5.0,0.0,0.0,No effect,I understand.
8/28/2022 17:14:32,29.0,Other streaming service,5.0,Yes,No,No,Jazz,Yes,Yes,200.0,1,0,0,1,0,0,3,0,1,1,1,0,2,0,3,2,7.0,2.0,3.0,1.0,Improve,I understand.
8/28/2022 17:15:18,22.0,Spotify,10.0,No,Yes,Yes,EDM,No,Yes,128.0,2,2,3,3,0,0,1,0,0,0,1,0,1,0,2,2,4.0,7.0,7.0,3.0,Improve,I understand.
8/28/2022 17:15:27,18.0,Spotify,4.0,Yes,Yes,Yes,Pop,Yes,Yes,130.0,2,1,2,1,0,1,2,2,2,2,3,3,1,1,3,3,4.0,5.0,6.0,5.0,Improve,I understand.
8/28/2022 17:19:10,13.0,Spotify,2.0,Yes,Yes,Yes,Rock,Yes,No,120.0,1,0,2,3,1,2,0,0,0,2,2,3,1,3,3,3,7.0,10.0,5.0,6.0,Worsen,I understand.
8/28/2022 17:27:12,24.0,Spotify,1.0,No,No,No,Metal,Yes,No,86.0,2,0,1,1,0,1,0,0,0,0,3,2,2,2,3,1,6.0,4.0,5.0,0.0,Improve,I understand.
8/28/2022 17:32:18,35.0,Spotify,6.0,Yes,No,No,Rock,Yes,Yes,166.0,2,1,2,3,0,1,2,1,1,2,2,2,1,1,3,2,4.0,1.0,3.0,1.0,No effect,I understand.
8/28/2022 17:33:12,29.0,YouTube Music,1.0,Yes,Yes,No,Video game music,Yes,No,110.0,2,0,0,1,2,0,1,0,0,0,0,2,1,0,2,2,6.0,6.0,1.0,2.0,Improve,I understand.
8/28/2022 17:37:42,28.0,Spotify,6.0,Yes,No,No,Rock,No,No,144.0,2,1,0,2,0,1,1,0,1,1,2,2,2,1,3,3,10.0,8.0,7.0,1.0,Improve,I understand.
8/28/2022 17:40:15,32.0,Spotify,7.0,Yes,No,No,Pop,Yes,Yes,120.0,2,0,1,0,0,2,1,0,0,1,1,3,3,3,3,3,10.0,8.0,2.0,8.0,Improve,I understand.
8/28/2022 17:41:15,32.0,Other streaming service,1.0,No,No,No,EDM,Yes,No,120.0,1,0,3,1,1,2,1,0,1,1,0,2,1,1,1,0,3.0,6.0,2.0,0.0,No effect,I understand.
8/28/2022 17:43:22,21.0,Spotify,3.0,Yes,Yes,No,Rock,Yes,No,160.0,0,0,0,3,0,2,0,0,0,2,3,1,0,1,3,2,8.0,9.0,2.0,0.0,Improve,I understand.
8/28/2022 17:54:30,18.0,Spotify,2.0,Yes,Yes,No,Video game music,No,Yes,101.0,0,0,2,0,0,1,0,0,0,1,0,1,0,0,2,3,8.0,3.0,8.0,7.0,Improve,I understand.
8/28/2022 17:56:27,19.0,Spotify,3.0,Yes,Yes,No,Classical,Yes,No,122.0,3,1,0,0,0,0,0,1,0,2,0,3,0,0,1,2,3.0,3.0,1.0,2.0,Improve,I understand.
8/28/2022 18:03:50,25.0,Spotify,1.5,Yes,No,No,Pop,No,No,61.0,2,1,1,2,0,1,0,0,0,1,1,3,3,1,3,0,6.0,5.0,0.0,2.0,Improve,I understand.
8/28/2022 18:06:24,17.0,Spotify,4.0,Yes,No,No,Lofi,Yes,Yes,79.0,3,0,0,0,2,2,1,2,0,3,0,3,2,2,1,3,3.0,8.0,0.0,0.0,Improve,I understand.
8/28/2022 18:08:44,16.0,Spotify,2.0,Yes,No,No,Rap,Yes,Yes,126.0,3,0,0,0,0,3,0,2,0,1,0,3,3,3,0,2,1.0,8.0,0.0,0.0,No effect,I understand.
8/28/2022 18:13:47,27.0,Spotify,10.0,Yes,No,No,Metal,Yes,Yes,185.0,2,0,2,0,0,2,1,0,0,1,3,3,1,2,3,1,5.0,6.0,6.0,3.0,Improve,I understand.
8/28/2022 18:17:00,53.0,Spotify,7.0,Yes,No,No,Pop,Yes,Yes,92.0,3,2,3,1,1,2,2,1,2,1,1,3,3,1,3,1,0.0,0.0,0.0,0.0,Improve,I understand.
8/28/2022 18:17:46,25.0,Spotify,1.0,Yes,No,No,EDM,No,No,107.0,0,0,3,0,0,1,0,1,0,1,0,0,0,0,1,1,0.0,8.0,0.0,0.0,Improve,I understand.
8/28/2022 18:18:12,34.0,Spotify,2.0,No,No,No,Metal,No,No,120.0,0,0,1,0,0,0,0,0,0,0,3,1,0,0,2,0,3.0,7.0,0.0,0.0,Improve,I understand.
8/28/2022 18:18:18,22.0,Other streaming service,6.0,Yes,Yes,Yes,Jazz,Yes,Yes,140.0,2,1,3,3,1,3,3,1,2,2,2,3,3,3,2,2,8.0,8.0,8.0,5.0,Improve,I understand.
8/28/2022 18:18:24,17.0,Spotify,2.0,Yes,Yes,Yes,Jazz,Yes,No,94.0,2,0,0,0,0,1,2,0,0,1,2,3,0,1,3,1,5.0,2.0,3.0,4.0,Improve,I understand.
8/28/2022 18:21:19,26.0,Spotify,3.0,Yes,Yes,No,Folk,Yes,No,160.0,1,1,0,3,1,1,2,0,0,1,1,2,2,1,2,2,8.0,8.0,3.0,0.0,Improve,I understand.
8/28/2022 18:28:48,19.0,Spotify,8.0,Yes,No,No,EDM,Yes,No,174.0,0,0,3,0,0,2,0,1,0,0,1,2,2,2,2,0,6.0,8.0,8.0,0.0,Improve,I understand.
8/28/2022 18:30:21,21.0,Spotify,3.0,Yes,No,No,Pop,Yes,Yes,136.0,1,3,2,1,0,3,1,0,3,2,1,3,3,3,2,2,6.0,8.0,6.0,0.0,Worsen,I understand.
8/28/2022 18:33:32,32.0,Spotify,3.0,Yes,Yes,Yes,Rock,Yes,Yes,144.0,1,1,2,3,0,2,1,0,2,3,1,2,3,1,3,1,6.0,6.0,7.0,5.0,Improve,I understand.
8/28/2022 18:35:17,21.0,I do not use a streaming service.,3.0,Yes,No,No,Rock,No,No,77.0,0,0,0,2,2,2,2,0,1,0,1,1,1,2,3,3,9.0,10.0,3.0,0.0,No effect,I understand.
8/28/2022 18:51:10,25.0,Spotify,2.0,No,Yes,No,Pop,No,No,120.0,1,0,0,1,0,2,0,0,2,0,0,3,2,3,3,1,7.0,7.0,5.0,0.0,Improve,I understand.
8/28/2022 18:56:54,28.0,I do not use a streaming service.,4.0,Yes,No,No,Rock,Yes,Yes,194.0,1,2,1,1,0,2,2,1,0,0,2,2,1,1,3,2,6.0,8.0,1.0,6.0,Improve,I understand.
8/28/2022 18:57:39,41.0,YouTube Music,4.0,Yes,No,No,Pop,Yes,No,60.0,1,0,2,3,0,3,2,1,1,2,1,3,3,2,3,1,7.0,2.0,0.0,7.0,Improve,I understand.
8/28/2022 18:58:09,18.0,Spotify,1.0,Yes,Yes,No,Metal,Yes,Yes,190.0,1,0,1,0,0,2,0,0,0,0,3,1,0,2,3,2,6.0,9.0,9.0,0.0,Improve,I understand.
8/28/2022 18:58:27,22.0,Spotify,2.0,No,No,No,R&B,No,Yes,87.0,2,0,0,0,0,1,0,3,3,2,0,2,3,1,1,2,1.0,1.0,4.0,1.0,No effect,I understand.
8/28/2022 18:59:53,49.0,Other streaming service,1.0,Yes,No,No,EDM,Yes,No,156.0,2,0,3,2,0,2,1,1,1,2,2,2,1,1,3,2,8.0,8.0,2.0,0.0,Improve,I understand.
8/28/2022 19:04:05,21.0,Spotify,3.0,Yes,Yes,Yes,Metal,Yes,No,150.0,2,1,1,2,0,1,1,1,0,2,3,3,1,2,3,2,3.0,3.0,7.0,0.0,No effect,I understand.
8/28/2022 19:04:26,27.0,Spotify,10.0,Yes,No,No,Metal,Yes,Yes,194.0,0,1,2,2,0,2,1,1,1,2,3,3,2,2,3,2,8.0,8.0,3.0,0.0,Improve,I understand.
8/28/2022 19:07:16,19.0,Spotify,1.0,No,No,Yes,Metal,Yes,Yes,160.0,0,0,0,0,0,1,0,0,0,2,3,2,1,1,3,0,6.0,4.0,0.0,3.0,No effect,I understand.
8/28/2022 19:10:07,27.0,Spotify,3.0,Yes,No,No,Metal,Yes,Yes,171.0,2,0,0,1,0,2,1,0,0,1,3,0,1,2,2,1,1.0,0.0,0.0,0.0,Improve,I understand.
8/28/2022 19:12:02,27.0,Spotify,1.5,Yes,No,No,Rock,No,No,95.0,0,0,0,1,0,2,0,1,0,1,3,2,0,2,3,2,5.0,5.0,4.0,4.0,Improve,I understand.
8/28/2022 19:18:53,42.0,YouTube Music,2.5,Yes,Yes,No,Rock,No,Yes,148.0,2,1,3,1,0,2,3,0,1,1,2,1,1,1,2,1,8.0,8.0,7.0,6.0,Improve,I understand.
8/28/2022 19:20:03,60.0,Pandora,2.0,Yes,No,No,Gospel,No,No,119.0,1,2,0,1,3,0,0,0,1,0,0,2,1,0,2,0,3.0,0.0,2.0,0.0,Improve,I understand.
8/28/2022 19:22:30,19.0,YouTube Music,5.0,Yes,No,No,Metal,No,Yes,136.0,2,1,1,2,2,2,1,0,0,3,3,0,0,2,3,2,0.0,5.0,1.0,0.0,No effect,I understand.
8/28/2022 19:26:23,20.0,Apple Music,2.0,Yes,No,No,Pop,Yes,No,141.0,1,0,0,1,0,2,1,0,0,2,0,3,2,1,2,1,6.0,3.0,0.0,0.0,Improve,I understand.
8/28/2022 19:27:46,28.0,Spotify,2.0,No,No,Yes,Metal,No,No,146.0,1,0,0,1,0,1,0,0,0,0,3,1,0,0,2,1,1.0,7.0,5.0,1.0,Improve,I understand.
8/28/2022 19:29:25,18.0,Spotify,2.0,Yes,No,No,R&B,No,Yes,164.0,2,0,0,0,0,1,0,0,0,1,0,3,3,1,0,0,5.0,6.0,0.0,1.0,No effect,I understand.
8/28/2022 19:35:58,21.0,Spotify,5.0,Yes,Yes,Yes,Folk,Yes,Yes,128.0,2,1,0,3,1,1,2,0,1,2,1,3,2,1,3,1,9.0,4.0,0.0,3.0,Improve,I understand.
8/28/2022 19:50:30,21.0,I do not use a streaming service.,2.0,Yes,No,No,Rock,No,Yes,101.0,1,2,1,2,0,3,1,0,3,3,3,3,3,3,3,1,8.0,8.0,3.0,0.0,Improve,I understand.
8/28/2022 19:59:01,18.0,Spotify,2.0,Yes,Yes,No,K pop,Yes,Yes,98.0,3,0,0,1,1,2,2,3,1,3,0,2,3,2,0,1,7.0,2.0,3.0,5.0,Improve,I understand.
8/28/2022 20:01:29,16.0,Apple Music,2.0,No,No,No,Pop,Yes,No,145.0,0,2,1,2,1,1,0,1,0,2,0,3,1,1,3,1,10.0,3.5,5.0,10.0,Improve,I understand.
8/28/2022 20:04:49,19.0,Spotify,1.0,Yes,No,No,Pop,Yes,Yes,94.0,1,2,1,1,0,2,1,0,0,1,1,3,2,2,3,0,7.0,5.0,1.0,2.0,Improve,I understand.
8/28/2022 20:12:05,31.0,Spotify,4.0,Yes,Yes,No,Classical,No,Yes,103.0,3,0,1,0,1,2,1,0,2,0,2,1,0,2,2,0,6.0,8.0,9.0,5.0,Improve,I understand.
8/28/2022 20:14:47,16.0,Spotify,2.0,Yes,Yes,Yes,Rock,No,No,112.0,1,0,3,1,0,0,0,0,0,1,1,2,1,0,3,3,7.0,4.0,10.0,2.0,Improve,I understand.
8/28/2022 20:20:20,17.0,Spotify,2.0,Yes,No,No,R&B,Yes,Yes,118.0,1,1,0,0,2,2,1,3,0,1,0,2,3,2,0,1,6.0,1.0,0.0,0.0,Improve,I understand.
8/28/2022 20:32:41,20.0,Apple Music,4.0,Yes,No,No,R&B,Yes,Yes,113.0,2,1,0,1,0,2,2,1,0,1,0,2,3,3,3,1,9.0,10.0,3.0,0.0,Improve,I understand.
8/28/2022 20:33:43,30.0,Spotify,1.0,No,Yes,No,Rock,Yes,No,162.0,2,2,1,2,0,1,0,0,0,0,2,2,0,1,3,0,8.0,5.0,8.0,9.0,Improve,I understand.
8/28/2022 20:43:43,19.0,Spotify,5.0,Yes,No,No,Rock,Yes,Yes,111.0,2,1,0,2,1,1,2,1,1,1,3,2,1,1,3,2,9.0,9.0,9.0,3.0,No effect,I understand.
8/28/2022 20:57:16,33.0,Spotify,7.0,Yes,No,No,Rock,Yes,Yes,134.0,1,2,2,2,1,3,1,1,2,2,2,3,3,3,3,2,9.0,3.0,7.0,8.0,Improve,I understand.
8/28/2022 20:57:57,28.0,YouTube Music,2.0,Yes,No,No,Rock,Yes,No,172.0,0,1,1,1,0,2,0,1,0,2,1,2,3,1,3,1,10.0,8.0,6.0,2.0,Improve,I understand.
8/28/2022 21:01:18,25.0,Spotify,3.0,Yes,No,No,Rock,Yes,Yes,180.0,1,0,2,2,0,1,0,1,0,2,3,2,1,1,3,2,9.0,6.0,3.0,0.0,Improve,I understand.
8/28/2022 21:03:23,22.0,YouTube Music,2.0,Yes,No,No,Pop,No,No,120.0,1,0,1,1,1,1,1,0,0,1,0,3,1,1,2,2,7.0,7.0,8.0,3.0,Improve,I understand.
8/28/2022 21:06:09,19.0,Spotify,3.0,Yes,No,Yes,Rock,Yes,Yes,76.0,2,0,2,2,0,0,0,0,0,1,1,1,1,0,3,1,9.0,10.0,4.0,0.0,Improve,I understand.
8/28/2022 21:11:09,44.0,Other streaming service,3.0,Yes,No,No,Folk,Yes,Yes,130.0,1,1,1,3,1,2,1,0,1,2,0,1,2,2,1,2,9.0,9.0,8.0,2.0,Improve,I understand.
8/28/2022 21:14:51,26.0,Spotify,5.0,Yes,Yes,Yes,Metal,Yes,Yes,109.0,2,1,3,1,1,1,2,2,0,1,3,2,2,1,2,2,10.0,9.0,8.0,8.0,Improve,I understand.
8/28/2022 21:23:07,23.0,I do not use a streaming service.,6.0,Yes,No,Yes,Classical,No,Yes,96.0,3,0,0,1,0,0,0,0,1,0,0,1,0,0,0,1,6.0,5.0,6.0,8.0,Improve,I understand.
8/28/2022 21:24:10,17.0,Spotify,2.0,No,No,No,R&B,No,Yes,148.0,2,0,1,0,0,3,1,1,0,1,0,2,3,2,0,1,8.0,6.0,10.0,3.0,Improve,I understand.
8/28/2022 21:28:30,30.0,Spotify,1.0,No,Yes,No,Rock,Yes,No,129.0,1,0,1,1,0,1,1,0,1,1,1,3,1,1,3,1,4.0,2.0,1.0,3.0,Improve,I understand.
8/28/2022 21:30:33,35.0,Spotify,1.0,Yes,No,No,Pop,Yes,Yes,81.0,2,1,2,1,0,2,1,1,0,0,0,3,1,1,2,1,2.0,1.0,1.0,1.0,No effect,I understand.
8/28/2022 21:30:41,20.0,Spotify,3.0,No,No,No,Rock,Yes,No,136.0,0,3,0,0,0,0,0,0,0,0,3,3,0,2,3,1,10.0,10.0,7.0,3.0,Improve,I understand.
8/28/2022 21:31:40,18.0,Spotify,3.0,Yes,No,No,Rap,Yes,Yes,155.0,1,0,0,2,0,3,2,0,2,2,0,3,1,3,3,3,8.0,9.0,0.0,0.0,Improve,I understand.
8/28/2022 21:48:12,19.0,Spotify,6.0,Yes,No,No,Rock,Yes,Yes,52.0,0,0,1,3,0,1,1,0,3,1,2,3,1,2,3,1,4.0,2.0,0.0,0.0,Improve,I understand.
8/28/2022 21:48:29,37.0,Spotify,4.0,Yes,No,No,Rock,Yes,No,97.0,1,2,2,2,0,3,1,0,0,2,2,2,3,3,3,0,9.0,2.0,7.0,7.0,Improve,I understand.
8/28/2022 21:52:44,31.0,Spotify,2.0,Yes,No,No,Metal,Yes,Yes,92.0,2,1,1,2,0,2,1,1,2,3,3,2,2,2,3,3,8.0,6.0,7.0,5.0,Improve,I understand.
8/28/2022 21:54:05,29.0,Spotify,2.0,Yes,Yes,No,Folk,Yes,Yes,100.0,0,2,1,3,2,1,1,1,1,1,2,1,3,1,3,1,6.0,5.0,4.0,2.0,Improve,I understand.
8/28/2022 21:55:05,20.0,Spotify,3.0,Yes,No,No,Rock,Yes,Yes,120.0,2,1,1,3,0,1,2,0,0,2,2,3,1,1,3,2,8.0,5.0,2.0,3.0,Improve,I understand.
8/28/2022 21:55:22,36.0,I do not use a streaming service.,8.0,Yes,Yes,Yes,Video game music,No,Yes,143.0,2,1,2,1,0,1,1,0,0,0,3,1,0,1,2,3,7.0,6.0,6.0,1.0,No effect,I understand.
8/28/2022 22:03:40,18.0,Spotify,3.0,Yes,Yes,No,Rock,Yes,No,118.0,2,0,0,1,0,0,2,0,0,1,1,2,0,0,3,1,10.0,2.0,0.0,0.0,Improve,I understand.
8/28/2022 22:04:16,18.0,Spotify,2.0,Yes,No,No,K pop,Yes,Yes,130.0,1,0,2,0,0,0,0,3,0,0,1,2,0,0,1,0,6.0,0.0,0.0,0.0,Improve,I understand.
8/28/2022 22:05:53,25.0,Spotify,7.0,Yes,No,No,Pop,No,Yes,120.0,0,2,3,1,1,2,0,3,1,1,1,3,2,2,1,2,2.0,0.0,1.0,0.0,Improve,I understand.
8/28/2022 22:09:11,31.0,YouTube Music,9.0,Yes,No,No,Pop,Yes,Yes,158.0,1,1,1,2,0,0,1,1,1,3,2,3,0,1,2,2,9.0,0.0,2.0,0.0,Improve,I understand.
8/28/2022 22:10:24,17.0,Spotify,2.0,Yes,No,No,Pop,Yes,Yes,160.0,1,1,1,1,1,2,2,2,0,0,1,3,1,2,2,0,5.0,4.0,1.0,1.0,Improve,I understand.
8/28/2022 22:13:00,30.0,Other streaming service,1.0,No,No,No,Country,No,No,119.0,0,3,0,0,0,2,0,0,0,0,0,3,1,2,2,1,8.0,10.0,2.0,0.0,Improve,I understand.
8/28/2022 22:14:01,40.0,Apple Music,2.0,Yes,No,No,Metal,Yes,Yes,120.0,2,0,2,1,0,1,1,0,0,1,3,1,1,1,3,0,3.0,6.0,2.0,1.0,No effect,I understand.
8/28/2022 22:14:30,64.0,I do not use a streaming service.,4.0,Yes,No,No,Rock,No,No,200.0,2,1,2,1,0,1,2,1,1,0,1,2,1,1,2,1,4.0,4.0,2.0,1.0,Improve,I understand.
8/28/2022 22:21:12,14.0,Spotify,2.0,Yes,Yes,No,Rock,Yes,Yes,136.0,1,0,0,2,0,2,1,0,0,0,2,3,1,2,3,1,7.0,5.0,2.0,6.0,Improve,I understand.
8/28/2022 22:30:17,26.0,YouTube Music,6.0,Yes,No,No,Rock,Yes,No,104.0,2,0,0,1,0,1,2,0,0,0,1,2,0,1,3,0,3.0,2.0,0.0,0.0,No effect,I understand.
8/28/2022 22:32:47,35.0,Spotify,4.0,Yes,Yes,Yes,Country,Yes,Yes,90.0,1,3,1,2,1,3,2,1,2,2,2,2,1,2,3,0,9.0,9.0,5.0,1.0,Improve,I understand.
8/28/2022 22:38:36,33.0,Other streaming service,1.0,No,No,No,Rock,No,No,120.0,0,0,0,0,0,2,0,0,1,0,0,2,1,1,3,0,3.0,10.0,4.0,1.0,No effect,I understand.
8/28/2022 22:39:24,30.0,Spotify,6.0,Yes,No,No,Folk,Yes,Yes,89.0,2,1,0,3,1,0,1,0,0,2,2,1,0,0,3,0,9.0,0.0,5.0,0.0,No effect,I understand.
8/28/2022 22:49:17,27.0,Spotify,5.0,Yes,No,Yes,Folk,Yes,Yes,140.0,1,0,2,3,2,1,1,2,2,3,2,3,2,0,3,3,0.0,9.0,4.0,0.0,Improve,I understand.
8/28/2022 22:51:01,53.0,I do not use a streaming service.,1.5,No,No,No,Pop,Yes,Yes,92.0,1,0,3,2,0,2,0,1,2,0,0,3,1,2,2,0,2.0,2.0,2.0,1.0,No effect,I understand.
8/28/2022 22:51:30,23.0,Spotify,5.0,Yes,Yes,Yes,Metal,Yes,Yes,120.0,2,1,0,1,0,0,1,0,0,0,3,1,0,0,3,0,6.0,9.0,2.0,1.0,Improve,I understand.
8/28/2022 22:53:43,25.0,Spotify,2.0,Yes,No,Yes,EDM,Yes,No,128.0,1,1,3,1,0,2,2,2,0,1,3,3,1,2,3,1,6.0,4.0,1.0,0.0,Improve,I understand.
8/28/2022 22:58:10,16.0,Apple Music,4.0,Yes,Yes,No,K pop,Yes,Yes,140.0,3,1,1,2,1,3,2,3,2,3,3,3,2,1,2,1,8.0,9.0,4.0,0.0,Improve,I understand.
8/28/2022 23:19:35,31.0,YouTube Music,6.0,Yes,No,No,EDM,Yes,Yes,136.0,1,1,3,1,0,2,0,0,0,1,1,2,2,2,2,2,8.0,6.0,5.0,6.0,No effect,I understand.
8/28/2022 23:23:20,31.0,Spotify,1.0,No,No,No,Rock,No,Yes,132.0,2,1,0,0,0,1,0,0,2,0,2,1,1,1,3,2,3.0,10.0,0.0,0.0,Worsen,I understand.
8/28/2022 23:23:41,38.0,Spotify,6.0,Yes,Yes,No,Pop,Yes,Yes,107.0,3,2,2,2,2,3,3,1,2,2,1,3,3,3,2,0,9.0,4.0,9.0,7.0,Improve,I understand.
8/28/2022 23:23:50,17.0,Spotify,4.0,No,Yes,No,Classical,Yes,Yes,135.0,3,0,0,0,0,3,3,1,3,2,2,1,2,1,0,1,7.0,9.0,2.0,8.0,Worsen,I understand.
8/28/2022 23:26:58,25.0,Apple Music,2.0,No,No,No,EDM,No,Yes,171.0,0,2,3,1,0,0,0,0,0,0,1,2,0,0,3,1,10.0,3.0,1.0,4.0,Improve,I understand.
8/28/2022 23:34:19,20.0,Spotify,2.0,No,Yes,Yes,Metal,No,Yes,220.0,1,0,0,0,0,0,1,0,0,0,3,0,0,1,2,1,0.0,0.0,0.0,1.0,No effect,I understand.
8/28/2022 23:34:37,15.0,Spotify,2.0,Yes,No,No,EDM,No,No,171.0,0,0,3,0,0,2,0,0,0,0,0,1,1,2,0,1,9.0,6.0,1.0,7.0,No effect,I understand.
8/28/2022 23:40:54,16.0,Spotify,4.0,Yes,No,Yes,Lofi,Yes,No,85.0,1,1,3,1,0,1,1,0,0,3,1,2,0,1,1,3,7.0,1.0,3.0,5.0,Improve,I understand.
8/28/2022 23:42:24,20.0,Spotify,2.0,Yes,Yes,No,EDM,No,Yes,174.0,2,0,3,0,0,2,0,2,0,0,0,2,0,0,2,2,9.0,7.0,5.0,7.0,Improve,I understand.
8/28/2022 23:47:13,23.0,Other streaming service,6.0,Yes,No,No,Rap,Yes,Yes,87.0,0,0,2,2,0,1,0,2,2,0,0,3,3,2,1,0,3.0,1.0,2.0,7.0,Improve,I understand.
8/28/2022 23:50:25,22.0,Spotify,3.0,Yes,No,No,Hip hop,Yes,Yes,77.0,1,0,2,1,0,3,1,0,2,1,2,3,2,3,2,1,6.0,6.0,8.0,0.0,Improve,I understand.
8/28/2022 23:54:34,15.0,I do not use a streaming service.,5.0,Yes,No,No,Rock,Yes,Yes,126.0,1,0,3,1,0,0,0,0,0,2,1,3,0,0,3,2,10.0,6.0,0.0,4.0,Improve,I understand.
8/28/2022 23:56:06,17.0,I do not use a streaming service.,0.5,Yes,Yes,No,Video game music,No,Yes,136.0,1,2,2,0,0,0,1,0,0,0,1,2,1,1,2,3,6.0,3.0,1.0,1.0,Improve,I understand.
8/29/2022 0:03:43,22.0,YouTube Music,1.0,Yes,No,No,Video game music,Yes,Yes,80.0,1,0,1,2,0,1,0,0,0,2,0,1,0,0,1,3,3.0,3.0,0.0,7.0,No effect,I understand.
8/29/2022 0:05:09,21.0,Spotify,10.0,Yes,No,No,Metal,Yes,Yes,92.0,0,1,1,0,0,3,0,1,0,0,3,2,2,3,3,2,9.0,10.0,2.0,2.0,No effect,I understand.
8/29/2022 0:05:36,19.0,Spotify,2.0,Yes,No,No,Pop,No,Yes,120.0,1,0,2,1,0,1,2,2,2,2,0,3,3,2,3,3,7.0,5.0,0.0,2.0,No effect,I understand.
8/29/2022 0:32:36,34.0,YouTube Music,1.0,No,No,No,Rock,No,Yes,138.0,1,0,0,2,0,1,0,0,1,0,0,1,0,2,3,0,9.0,9.0,6.0,4.0,Improve,I understand.
8/29/2022 0:33:06,18.0,I do not use a streaming service.,2.0,Yes,Yes,No,Metal,Yes,Yes,150.0,2,0,1,0,0,0,0,0,0,0,3,1,0,1,3,2,5.0,7.0,7.0,2.0,Improve,I understand.
8/29/2022 0:33:49,21.0,Spotify,3.0,Yes,No,No,Country,Yes,No,108.0,1,3,0,2,1,1,0,0,0,0,1,2,0,0,3,2,0.0,8.0,0.0,5.0,Improve,I understand.
8/29/2022 0:39:19,20.0,Spotify,3.0,No,No,No,Country,Yes,Yes,119.0,1,3,1,2,0,2,1,2,0,0,0,3,3,1,2,0,8.0,4.0,3.0,4.0,Improve,I understand.
8/29/2022 0:39:59,19.0,Spotify,2.0,Yes,No,No,Country,Yes,No,125.0,1,3,1,2,1,0,0,0,1,1,2,1,0,0,2,0,7.0,2.0,0.0,7.0,No effect,I understand.
8/29/2022 0:50:03,21.0,Spotify,1.0,Yes,Yes,No,Pop,Yes,Yes,85.0,3,1,1,2,0,1,0,2,0,1,3,3,2,3,2,3,5.0,1.0,0.0,0.0,Improve,I understand.
8/29/2022 0:50:27,31.0,YouTube Music,1.0,No,No,Yes,Folk,Yes,Yes,113.0,3,0,0,2,0,1,0,0,1,0,0,0,0,0,2,0,4.0,1.0,3.0,0.0,Improve,I understand.
8/29/2022 0:54:55,20.0,YouTube Music,1.0,No,No,No,Pop,Yes,No,86.0,1,0,0,1,0,0,0,0,0,1,1,3,0,0,2,0,3.0,5.0,3.0,0.0,Improve,I understand.
8/29/2022 0:59:01,19.0,Spotify,5.0,Yes,Yes,No,Rock,Yes,No,141.0,2,1,0,0,0,1,2,0,0,0,3,2,2,1,3,0,2.0,2.0,0.0,6.0,Improve,I understand.
8/29/2022 1:06:46,19.0,Other streaming service,5.0,Yes,No,No,EDM,Yes,Yes,97.0,1,0,3,2,0,2,1,0,2,3,3,1,0,3,2,1,0.0,1.0,3.0,5.0,Improve,I understand.
8/29/2022 1:22:44,24.0,I do not use a streaming service.,8.0,Yes,No,Yes,Video game music,Yes,No,120.0,2,1,3,1,1,3,3,1,1,3,3,1,1,2,3,3,6.0,4.0,8.0,8.0,Improve,I understand.
8/29/2022 1:26:19,20.0,Other streaming service,0.7,No,No,No,Rock,No,No,144.0,1,0,0,0,0,0,0,0,0,2,1,3,1,0,3,1,5.0,6.0,8.0,2.0,Improve,I understand.
8/29/2022 1:34:06,15.0,Spotify,3.0,No,No,No,Video game music,No,No,84.0,1,1,2,1,1,2,1,0,0,3,1,3,0,0,3,3,6.0,6.0,2.0,6.0,No effect,I understand.
8/29/2022 1:34:27,17.0,Spotify,7.0,Yes,No,No,Hip hop,No,Yes,84.0,0,0,1,0,1,3,0,0,0,1,1,1,1,3,1,1,8.0,9.0,3.0,4.0,Improve,I understand.
8/29/2022 1:54:06,20.0,I do not use a streaming service.,1.5,No,Yes,Yes,Video game music,No,Yes,60.0,3,0,0,1,1,0,0,0,2,0,0,0,0,0,0,3,8.0,4.0,3.0,3.0,Worsen,I understand.
8/29/2022 1:59:22,14.0,Spotify,4.0,Yes,Yes,Yes,Video game music,Yes,Yes,81.0,2,0,2,1,0,1,2,2,0,3,0,2,1,1,0,3,8.0,6.0,5.0,7.0,Improve,I understand.
8/29/2022 2:03:07,24.0,Spotify,4.0,Yes,No,No,Metal,Yes,Yes,150.0,2,1,0,1,1,1,0,0,0,0,3,2,1,1,3,0,8.0,8.0,7.0,7.0,Improve,I understand.
8/29/2022 2:06:14,14.0,Other streaming service,10.0,Yes,No,Yes,Video game music,No,No,95.0,1,0,2,0,0,2,1,0,0,3,2,0,0,2,1,3,5.0,2.0,5.0,0.0,Improve,I understand.
8/29/2022 2:10:36,23.0,Spotify,2.0,Yes,Yes,Yes,Rock,Yes,No,138.0,3,0,1,1,0,2,2,0,1,1,1,2,2,2,3,2,6.0,8.0,4.0,2.0,No effect,I understand.
8/29/2022 2:25:53,22.0,Spotify,6.0,Yes,No,No,Jazz,Yes,Yes,140.0,2,1,3,1,1,1,3,2,0,2,2,2,2,1,3,2,8.0,8.0,7.0,1.0,Improve,I understand.
8/29/2022 2:28:45,25.0,Spotify,0.5,Yes,Yes,No,Rock,Yes,Yes,139.0,1,0,3,0,0,1,0,1,0,0,1,2,1,1,3,2,10.0,2.0,0.0,0.0,Improve,I understand.
8/29/2022 2:29:08,27.0,Spotify,2.0,Yes,Yes,Yes,Pop,Yes,Yes,100.0,2,1,3,0,0,2,3,3,2,2,2,3,3,1,2,2,8.0,7.0,7.0,5.0,Improve,I understand.
8/29/2022 2:30:45,17.0,Apple Music,3.0,Yes,Yes,Yes,Pop,Yes,No,120.0,1,1,0,2,0,2,3,0,1,0,2,3,3,3,3,0,8.0,10.0,9.0,2.0,Improve,I understand.
8/29/2022 2:43:40,40.0,Other streaming service,3.0,Yes,No,No,Rock,Yes,Yes,178.0,2,0,0,0,0,0,1,0,0,1,2,2,1,0,2,0,0.0,4.0,4.0,0.0,Improve,I understand.
8/29/2022 2:46:38,18.0,Spotify,1.0,No,No,No,Pop,Yes,No,100.0,1,1,0,1,1,2,0,0,0,0,0,3,1,2,2,1,3.0,2.0,0.0,1.0,No effect,I understand.
8/29/2022 2:49:37,16.0,Spotify,2.5,No,Yes,Yes,Metal,Yes,No,110.0,0,0,0,0,0,0,1,0,0,1,3,0,0,1,3,2,5.0,3.0,3.0,1.0,Improve,I understand.
8/29/2022 2:54:06,18.0,Spotify,1.0,No,No,No,Rock,Yes,Yes,108.0,2,1,0,2,0,2,0,0,0,0,2,2,1,1,3,1,8.0,9.0,6.0,1.0,Improve,I understand.
8/29/2022 3:09:21,15.0,I do not use a streaming service.,5.0,Yes,Yes,No,Metal,Yes,No,161.0,0,0,1,0,0,0,0,0,0,0,3,1,0,1,2,0,6.0,7.0,8.0,2.0,Improve,I understand.
8/29/2022 3:13:27,20.0,Apple Music,3.0,Yes,Yes,No,Metal,Yes,No,200.0,2,1,0,0,0,1,2,0,0,1,3,1,0,1,3,2,7.0,4.0,7.0,0.0,Improve,I understand.
8/29/2022 3:17:19,16.0,Spotify,0.5,No,No,No,Rock,No,Yes,156.0,2,0,1,0,0,1,1,0,0,0,0,2,0,0,3,2,8.0,0.0,0.0,0.0,Improve,I understand.
8/29/2022 3:21:18,20.0,Apple Music,8.0,Yes,Yes,Yes,Country,Yes,No,120.0,0,3,0,2,0,1,0,0,0,0,0,1,1,1,2,0,8.0,9.0,2.0,5.0,No effect,I understand.
8/29/2022 3:32:43,22.0,Spotify,3.0,Yes,Yes,Yes,Rock,Yes,Yes,90.0,0,3,1,2,0,1,2,0,3,0,1,2,3,2,3,0,10.0,10.0,4.0,0.0,Improve,I understand.
8/29/2022 3:44:33,21.0,Spotify,3.0,Yes,No,No,Hip hop,Yes,Yes,85.0,0,0,1,0,0,3,1,0,0,2,0,3,3,3,3,0,8.0,8.0,3.0,3.0,Improve,I understand.
8/29/2022 3:46:02,21.0,Apple Music,5.0,Yes,Yes,No,Metal,Yes,Yes,171.0,1,0,2,0,0,3,2,0,0,2,3,1,2,3,2,2,8.0,7.0,7.0,4.0,Improve,I understand.
8/29/2022 3:47:32,29.0,Apple Music,1.5,Yes,No,Yes,Rock,Yes,Yes,108.0,1,0,2,0,0,1,1,0,0,0,1,3,3,3,3,0,8.0,7.0,1.0,2.0,Improve,I understand.
8/29/2022 3:49:29,56.0,I do not use a streaming service.,1.0,Yes,No,No,Pop,No,No,105.0,0,1,0,1,0,0,0,0,0,0,0,2,2,0,2,0,6.0,5.0,10.0,2.0,No effect,I understand.
8/29/2022 4:02:01,17.0,Spotify,2.0,Yes,Yes,No,Pop,Yes,No,76.0,2,0,0,0,0,1,1,0,0,1,0,3,1,1,0,1,7.0,6.0,0.0,4.0,Improve,I understand.
8/29/2022 4:02:12,22.0,Spotify,1.0,Yes,No,No,Pop,No,No,108.0,1,1,2,0,0,0,1,0,0,0,0,3,0,0,1,1,7.0,4.0,0.0,0.0,Improve,I understand.
8/29/2022 4:10:25,26.0,Spotify,4.0,Yes,No,No,Pop,Yes,Yes,140.0,2,2,1,1,0,2,0,1,0,1,0,3,1,1,3,1,8.0,7.0,2.0,10.0,No effect,I understand.
8/29/2022 4:17:46,30.0,Spotify,1.0,Yes,No,No,EDM,Yes,Yes,200.0,0,0,3,0,0,2,0,0,0,0,1,0,0,2,0,0,4.0,4.0,4.0,0.0,Improve,I understand.
8/29/2022 4:36:16,49.0,Spotify,2.0,Yes,No,No,Folk,Yes,No,147.0,1,1,2,3,0,2,1,0,0,2,1,2,2,2,1,1,0.0,0.0,2.0,0.0,No effect,I understand.
8/29/2022 4:37:05,22.0,Spotify,2.0,Yes,Yes,Yes,EDM,Yes,Yes,120.0,1,2,3,2,1,2,2,1,1,2,3,2,2,3,2,3,6.0,4.0,0.0,1.0,Improve,I understand.
8/29/2022 4:41:30,32.0,Spotify,2.0,No,No,No,Rock,Yes,No,158.0,0,1,2,1,0,2,0,0,0,2,1,2,2,2,2,0,4.0,7.0,0.0,0.0,Improve,I understand.
8/29/2022 4:42:51,32.0,I do not use a streaming service.,1.0,No,No,No,Rock,No,No,110.0,1,2,0,2,0,0,0,0,1,0,2,3,1,0,3,0,8.0,4.0,3.0,0.0,No effect,I understand.
8/29/2022 4:51:37,22.0,YouTube Music,6.0,Yes,No,No,Country,Yes,No,103.0,0,3,0,1,0,2,0,0,1,0,2,0,0,2,3,1,5.0,5.0,3.0,3.0,Improve,I understand.
8/29/2022 4:53:44,17.0,Spotify,2.0,Yes,No,No,Rock,Yes,Yes,93.0,0,1,2,2,1,1,2,1,1,1,3,3,2,2,3,2,0.0,8.0,0.0,0.0,Improve,I understand.
8/29/2022 4:57:35,21.0,Spotify,4.0,Yes,Yes,No,Rock,Yes,No,62.0,1,0,0,1,0,0,0,0,0,0,1,3,1,0,3,0,7.0,4.0,6.0,1.0,Improve,I understand.
8/29/2022 5:06:50,17.0,Spotify,1.5,Yes,No,No,Rock,Yes,Yes,180.0,3,0,1,1,0,0,0,0,3,1,1,2,2,1,3,1,8.0,7.0,7.0,3.0,No effect,I understand.
8/29/2022 5:08:52,25.0,Spotify,3.0,Yes,No,No,Metal,No,No,150.0,2,2,1,1,0,0,0,0,0,0,3,2,2,0,3,2,9.0,8.0,6.0,2.0,Improve,I understand.
8/29/2022 5:14:53,15.0,Spotify,4.0,Yes,No,Yes,Rock,Yes,No,105.0,0,0,1,0,0,1,0,2,0,3,2,3,2,1,3,0,8.0,6.0,4.0,0.0,Improve,I understand.
8/29/2022 5:20:21,13.0,Spotify,10.0,Yes,No,No,Rap,Yes,No,140.0,0,0,1,0,0,2,0,0,0,2,0,1,1,3,0,1,7.0,2.0,0.0,8.0,Improve,I understand.
8/29/2022 5:35:40,23.0,Apple Music,3.0,No,No,No,Rock,Yes,No,161.0,1,0,2,2,0,1,0,0,0,1,1,2,0,0,3,2,7.0,6.0,4.0,2.0,Improve,I understand.
8/29/2022 5:37:56,17.0,Spotify,3.0,Yes,No,No,Pop,Yes,Yes,120.0,2,2,2,1,1,3,1,3,0,3,0,3,3,3,3,1,1.0,1.0,1.0,0.0,Improve,I understand.
8/29/2022 5:41:25,59.0,YouTube Music,2.0,Yes,No,No,Pop,Yes,No,103.0,1,0,3,1,0,1,2,1,1,1,0,3,3,1,2,0,1.0,1.0,3.0,0.0,Improve,I understand.
8/29/2022 5:45:03,22.0,Spotify,2.0,Yes,Yes,Yes,Pop,Yes,No,72.0,1,1,0,1,1,2,2,0,1,1,0,3,3,2,2,1,2.0,7.0,1.0,2.0,Improve,I understand.
8/29/2022 5:50:21,17.0,Apple Music,3.0,Yes,No,No,Pop,Yes,Yes,113.0,2,1,0,0,0,3,2,3,1,0,0,3,1,3,2,1,6.0,2.0,3.0,1.0,No effect,I understand.
8/29/2022 6:00:25,27.0,Spotify,2.0,No,No,No,Pop,No,No,120.0,0,0,0,0,0,0,0,0,0,0,1,3,0,2,2,1,7.0,7.0,3.0,2.0,No effect,I understand.
8/29/2022 6:13:47,23.0,Spotify,5.0,Yes,Yes,No,Video game music,No,No,95.0,2,0,2,0,0,1,1,1,0,2,1,2,1,2,2,2,8.0,7.0,0.0,3.0,No effect,I understand.
8/29/2022 6:31:56,15.0,Spotify,6.0,Yes,No,No,Rock,No,No,97.0,1,0,2,1,0,2,1,0,0,1,1,2,2,0,3,2,8.0,3.0,5.0,2.0,Improve,I understand.
8/29/2022 6:44:14,22.0,Spotify,3.0,Yes,Yes,Yes,EDM,Yes,No,140.0,1,1,3,2,1,2,1,0,0,1,2,2,2,2,3,3,5.0,4.0,2.0,0.0,Improve,I understand.
8/29/2022 6:58:24,23.0,Spotify,5.0,Yes,No,No,Lofi,Yes,Yes,120.0,3,1,2,2,1,1,2,1,1,3,1,3,3,1,3,3,7.0,10.0,10.0,1.0,Improve,I understand.
8/29/2022 7:11:40,19.0,Spotify,5.0,Yes,No,No,Country,Yes,Yes,118.0,1,3,0,3,2,1,2,0,3,1,0,2,2,1,2,0,7.0,6.0,8.0,4.0,Improve,I understand.
8/29/2022 7:17:09,32.0,Spotify,6.0,Yes,No,No,Rock,No,No,91.0,0,1,2,0,0,1,1,0,0,0,0,2,1,1,3,1,8.0,7.0,0.0,9.0,Improve,I understand.
8/29/2022 7:48:34,40.0,Spotify,6.0,Yes,No,No,Rock,Yes,Yes,128.0,2,2,2,2,1,2,2,0,2,2,1,2,2,2,3,1,10.0,7.0,3.0,3.0,No effect,I understand.
8/29/2022 7:52:49,21.0,Spotify,3.0,Yes,No,No,Country,Yes,No,86.0,0,3,1,2,1,2,0,0,0,0,1,2,1,2,2,0,6.0,5.0,5.0,3.0,Improve,I understand.
8/29/2022 7:53:58,21.0,Spotify,10.0,Yes,No,No,Rock,Yes,Yes,107.0,1,0,3,2,0,1,1,1,1,2,2,3,2,1,3,3,8.0,7.0,6.0,8.0,No effect,I understand.
8/29/2022 8:23:46,23.0,Spotify,2.0,Yes,No,No,Video game music,Yes,Yes,180.0,2,0,3,0,0,1,1,2,0,2,0,3,1,2,2,3,10.0,7.0,7.0,3.0,Worsen,I understand.
8/29/2022 8:37:30,35.0,Spotify,3.0,No,Yes,No,Folk,Yes,No,0.0,2,2,0,2,0,0,1,0,0,1,0,1,0,0,2,2,8.0,2.0,2.0,8.0,No effect,I understand.
8/29/2022 8:38:53,18.0,Spotify,1.5,No,No,No,Hip hop,No,No,150.0,0,0,0,0,0,2,2,0,0,2,0,3,0,2,2,0,3.0,7.0,4.0,0.0,Improve,I understand.
8/29/2022 8:39:19,21.0,I do not use a streaming service.,10.0,Yes,No,No,Pop,Yes,No,112.0,0,1,0,0,0,1,0,0,0,0,0,2,1,0,2,0,9.0,7.0,5.0,5.0,Improve,I understand.
8/29/2022 9:01:49,23.0,Spotify,3.0,Yes,Yes,Yes,Rock,Yes,Yes,66.0,1,1,0,3,0,2,2,0,0,0,3,3,3,2,3,0,10.0,7.0,0.0,10.0,Improve,I understand.
8/29/2022 9:07:42,13.0,Spotify,2.5,Yes,No,No,Folk,No,No,118.0,0,2,0,3,0,0,0,0,0,0,0,3,0,0,0,0,8.0,0.0,0.0,3.0,Improve,I understand.
8/29/2022 9:13:14,19.0,Spotify,3.0,Yes,No,No,K pop,Yes,Yes,110.0,2,1,1,2,0,1,0,3,0,2,0,3,3,3,3,0,6.0,0.0,3.0,0.0,Improve,I understand.
8/29/2022 9:26:07,33.0,YouTube Music,0.5,Yes,Yes,No,Rock,No,No,80.0,2,0,1,0,0,0,1,0,0,1,2,1,0,0,2,1,7.0,9.0,4.0,6.0,Improve,I understand.
8/29/2022 9:42:23,18.0,Spotify,16.0,Yes,No,Yes,Jazz,Yes,Yes,90.0,2,2,2,2,2,3,3,3,3,3,3,3,3,3,3,1,3.0,2.0,5.0,6.0,Improve,I understand.
8/29/2022 9:43:35,17.0,YouTube Music,6.0,Yes,Yes,No,Classical,Yes,Yes,120.0,3,1,0,0,0,1,2,1,0,2,0,3,0,0,0,1,4.0,2.0,0.0,0.0,Improve,I understand.
8/29/2022 9:47:21,16.0,Spotify,3.0,Yes,No,No,EDM,Yes,Yes,100.0,1,0,3,0,0,3,2,3,0,1,2,3,1,3,3,3,4.0,2.0,0.0,0.0,Improve,I understand.
8/29/2022 9:47:26,18.0,YouTube Music,0.5,No,No,No,Rock,Yes,No,66.0,1,0,0,2,0,0,0,0,0,0,0,2,1,0,3,0,5.0,3.0,1.0,0.0,No effect,I understand.
8/29/2022 9:52:20,19.0,Spotify,5.0,Yes,No,No,K pop,Yes,Yes,158.0,1,2,2,0,0,1,1,3,1,0,0,3,3,1,1,1,4.0,2.0,2.0,1.0,Improve,I understand.
8/29/2022 9:56:31,15.0,YouTube Music,2.0,No,Yes,No,Rap,Yes,Yes,105.0,3,2,0,3,2,3,2,2,0,3,2,1,3,3,2,3,4.0,0.0,6.0,5.0,No effect,I understand.
8/29/2022 10:23:22,17.0,Spotify,2.0,Yes,No,No,Pop,Yes,Yes,208.0,0,0,0,0,0,1,0,1,0,0,3,3,0,3,3,3,7.0,6.0,3.0,1.0,Improve,I understand.
8/29/2022 10:23:46,25.0,Spotify,2.0,Yes,No,No,Lofi,Yes,Yes,91.0,2,1,2,1,0,3,3,1,2,3,0,2,1,2,3,2,7.0,8.0,6.0,2.0,Improve,I understand.
8/29/2022 10:25:54,24.0,Other streaming service,1.5,Yes,No,No,Video game music,No,Yes,171.0,2,1,3,1,2,2,2,3,1,3,3,3,2,2,3,3,3.0,4.0,1.0,1.0,Improve,I understand.
8/29/2022 10:41:11,23.0,Spotify,1.0,Yes,Yes,No,Jazz,Yes,No,150.0,1,1,3,0,1,0,3,1,1,0,2,1,2,0,3,2,9.0,7.0,2.0,1.0,Improve,I understand.
8/29/2022 10:44:43,16.0,Spotify,10.0,Yes,Yes,No,EDM,Yes,Yes,180.0,1,1,3,2,0,1,2,1,0,1,1,3,2,2,2,2,10.0,9.0,3.0,2.0,Improve,I understand.
8/29/2022 11:02:29,16.0,Spotify,15.0,Yes,Yes,Yes,EDM,Yes,No,85.0,1,0,3,0,0,1,1,0,0,1,2,2,0,3,3,2,8.0,10.0,9.0,2.0,Improve,I understand.
8/29/2022 11:04:24,20.0,I do not use a streaming service.,0.5,No,No,No,Metal,Yes,Yes,150.0,2,1,2,0,0,2,2,0,0,2,2,1,1,1,2,2,8.0,9.0,6.0,4.0,Improve,I understand.
8/29/2022 11:16:34,17.0,Spotify,3.0,Yes,No,No,Metal,Yes,No,104.0,0,1,1,0,2,2,0,0,0,0,3,0,1,2,3,0,5.0,6.0,9.0,9.0,Improve,I understand.
8/29/2022 11:56:17,20.0,Spotify,4.0,Yes,No,No,Hip hop,Yes,No,85.0,0,1,3,1,0,3,0,0,0,0,0,2,2,3,2,0,3.0,2.0,1.0,6.0,Improve,I understand.
8/29/2022 12:30:01,21.0,Spotify,1.0,Yes,No,No,Rock,Yes,No,147.0,1,2,2,2,0,2,1,1,1,1,1,3,0,2,3,3,7.0,9.0,1.0,2.0,Improve,I understand.
8/29/2022 12:32:30,16.0,Spotify,24.0,Yes,No,No,Rock,Yes,Yes,120.0,0,0,1,0,0,0,0,1,1,1,1,1,1,1,2,1,5.0,1.0,9.0,1.0,Improve,I understand.
8/29/2022 13:09:33,43.0,Spotify,1.0,Yes,No,No,Pop,Yes,No,134.0,2,0,0,2,1,2,1,0,0,1,0,3,1,1,2,0,3.0,3.0,0.0,0.0,Improve,I understand.
8/29/2022 14:25:08,10.0,YouTube Music,2.0,Yes,Yes,No,Pop,Yes,Yes,112.0,3,0,1,0,0,1,1,3,0,1,0,3,0,1,0,3,8.0,2.0,1.0,1.0,Improve,I understand.
8/29/2022 14:49:56,27.0,Spotify,3.0,Yes,No,No,Metal,Yes,Yes,200.0,1,1,2,0,0,2,0,2,1,2,3,2,1,3,3,3,4.0,0.0,0.0,0.0,Improve,I understand.
8/29/2022 14:53:54,24.0,Spotify,3.0,Yes,Yes,No,Classical,No,Yes,75.0,3,0,0,0,1,1,0,0,2,1,2,1,0,1,0,0,9.0,6.0,1.0,1.0,Improve,I understand.
8/29/2022 15:05:22,18.0,Spotify,2.0,Yes,No,No,Hip hop,Yes,Yes,20.0,1,0,1,0,1,3,1,3,2,0,0,2,3,3,0,0,10.0,7.0,2.0,0.0,Improve,I understand.
8/29/2022 15:18:16,17.0,Apple Music,7.0,Yes,No,No,Rock,No,No,140.0,0,0,0,0,0,0,0,0,0,2,0,3,0,0,3,2,8.0,7.0,7.0,4.0,Improve,I understand.
8/29/2022 15:20:35,19.0,Spotify,6.0,Yes,No,No,Metal,Yes,No,111.0,2,0,0,0,0,0,0,0,0,0,3,1,0,0,3,2,1.0,0.0,0.0,0.0,Improve,I understand.
8/29/2022 16:05:19,16.0,YouTube Music,3.0,Yes,No,No,Rock,Yes,Yes,150.0,2,0,2,0,0,1,1,1,0,1,2,2,2,2,3,2,5.0,7.0,1.0,4.0,Improve,I understand.
8/29/2022 16:28:12,33.0,Apple Music,4.0,Yes,Yes,Yes,Lofi,Yes,Yes,114.0,2,1,1,2,0,2,2,1,1,3,3,2,1,2,2,2,8.0,8.0,2.0,2.0,Improve,I understand.
8/29/2022 16:39:08,32.0,I do not use a streaming service.,3.0,Yes,Yes,No,Rock,No,Yes,93.0,3,2,2,2,0,0,3,1,1,0,3,1,0,1,3,1,2.0,2.0,8.0,0.0,No effect,I understand.
8/29/2022 17:04:16,15.0,Pandora,2.0,Yes,Yes,No,Pop,Yes,No,145.0,1,2,0,0,0,0,0,1,3,0,0,3,2,2,0,0,6.0,0.0,0.0,2.0,Improve,I understand.
8/29/2022 17:22:01,27.0,YouTube Music,3.0,Yes,No,No,Metal,Yes,Yes,100.0,3,3,0,1,0,1,0,0,0,0,3,2,0,1,3,1,2.0,0.0,1.0,0.0,Improve,I understand.
8/29/2022 17:32:02,20.0,I do not use a streaming service.,2.0,Yes,No,No,Rock,Yes,No,114.0,1,1,0,2,0,0,1,0,0,0,1,2,1,0,3,2,6.0,2.0,6.0,7.0,No effect,I understand.
8/29/2022 17:36:01,23.0,I do not use a streaming service.,2.0,Yes,No,No,Pop,Yes,Yes,109.0,1,3,0,1,3,3,2,1,0,1,0,3,3,3,3,2,6.0,1.0,0.0,5.0,Improve,I understand.
8/29/2022 18:00:27,16.0,Other streaming service,3.0,Yes,Yes,Yes,Classical,No,No,72.0,3,1,0,0,1,0,0,0,0,0,0,3,0,0,0,1,9.0,7.0,10.0,6.0,No effect,I understand.
8/29/2022 18:09:17,17.0,Other streaming service,0.0,No,No,No,Video game music,No,Yes,89.0,0,0,0,0,0,0,0,0,0,3,0,0,0,0,0,3,10.0,0.0,0.0,0.0,No effect,I understand.
8/29/2022 18:13:51,14.0,Spotify,1.0,Yes,Yes,No,Pop,Yes,No,140.0,1,1,3,1,1,2,2,2,1,2,1,3,2,2,2,2,6.0,6.0,3.0,0.0,Improve,I understand.
8/29/2022 18:22:58,32.0,Spotify,2.0,Yes,No,No,Metal,Yes,No,84.0,1,1,3,1,1,1,1,1,0,2,3,2,1,1,2,3,4.0,3.0,1.0,6.0,Improve,I understand.
8/29/2022 18:47:22,20.0,Spotify,2.0,Yes,Yes,No,Pop,No,Yes,132.0,0,0,0,0,0,1,0,0,0,0,0,0,0,1,1,1,6.0,2.0,2.0,1.0,No effect,I understand.
8/29/2022 18:57:09,18.0,Spotify,5.0,Yes,No,No,K pop,Yes,Yes,124.0,0,1,1,0,0,1,1,3,1,1,0,3,1,2,2,0,7.0,4.0,5.0,6.0,Improve,I understand.
8/29/2022 19:07:50,14.0,Spotify,2.0,Yes,Yes,No,Classical,Yes,No,181.0,3,0,0,0,0,1,0,0,0,1,2,2,0,1,3,1,7.0,5.0,3.0,2.0,Improve,I understand.
8/29/2022 19:08:34,13.0,Other streaming service,4.0,Yes,Yes,Yes,Classical,Yes,No,126.0,3,0,2,1,0,0,1,1,0,0,1,3,0,0,2,2,8.0,5.0,10.0,3.0,Improve,I understand.
8/29/2022 19:44:49,19.0,Apple Music,8.0,Yes,No,Yes,Country,Yes,No,109.0,0,3,0,1,0,0,0,0,0,0,1,1,0,1,2,1,7.0,5.0,6.0,5.0,Improve,I understand.
8/29/2022 20:03:00,14.0,Spotify,4.0,Yes,Yes,No,Classical,Yes,No,106.0,3,0,1,0,0,2,2,1,1,1,2,2,2,2,2,1,6.0,8.0,8.0,2.0,Improve,I understand.
8/29/2022 20:04:14,18.0,Apple Music,2.0,Yes,Yes,No,Rap,Yes,Yes,170.0,3,0,2,0,0,3,2,1,3,2,1,2,2,3,1,2,3.0,2.0,0.0,2.0,Improve,I understand.
8/29/2022 20:12:32,15.0,Spotify,5.0,Yes,No,No,Folk,Yes,Yes,87.0,1,2,0,3,1,2,0,0,0,2,0,0,0,2,1,1,6.0,7.0,7.0,4.0,Improve,I understand.
8/29/2022 20:22:33,17.0,Apple Music,2.0,Yes,No,No,Pop,No,Yes,117.0,1,0,0,0,0,1,1,0,0,2,1,3,3,0,0,2,9.0,8.0,4.0,8.0,Improve,I understand.
8/29/2022 20:47:47,44.0,Spotify,2.0,No,No,No,Rock,Yes,No,105.0,2,2,2,2,1,2,1,1,0,0,2,2,2,2,3,0,7.0,7.0,2.0,1.0,Improve,I understand.
8/29/2022 21:24:24,21.0,Apple Music,1.0,No,No,No,Rap,No,No,160.0,1,1,0,0,0,2,1,0,0,1,1,2,2,2,1,0,4.0,3.0,4.0,5.0,Improve,I understand.
8/29/2022 22:04:50,23.0,Spotify,2.0,Yes,Yes,No,Rock,Yes,Yes,141.0,1,1,0,3,0,1,0,0,0,3,3,3,0,2,3,3,0.0,5.0,7.0,0.0,No effect,I understand.
8/29/2022 22:52:14,18.0,Spotify,1.0,Yes,Yes,No,Pop,No,Yes,105.0,2,1,0,0,1,0,1,0,2,1,0,3,0,0,0,3,8.0,7.0,7.0,0.0,Improve,I understand.
8/29/2022 23:20:48,26.0,Spotify,14.0,Yes,No,No,Hip hop,Yes,Yes,158.0,2,2,1,3,0,3,3,1,1,3,1,2,3,3,3,1,5.0,10.0,8.0,0.0,No effect,I understand.
8/30/2022 0:00:29,15.0,Spotify,3.0,Yes,Yes,Yes,Classical,Yes,No,118.0,3,0,0,0,0,0,0,1,0,2,0,2,0,0,0,2,9.0,6.0,8.0,5.0,Improve,I understand.
8/30/2022 0:14:35,57.0,YouTube Music,2.0,Yes,Yes,Yes,Rock,Yes,No,125.0,0,0,0,0,0,1,2,0,1,1,2,2,2,1,3,0,2.0,2.0,7.0,0.0,No effect,I understand.
8/30/2022 1:01:09,12.0,Spotify,0.5,Yes,Yes,Yes,Classical,Yes,Yes,109.0,3,0,0,0,0,0,1,0,0,1,0,2,0,0,0,0,7.0,8.0,6.0,2.0,Improve,I understand.
8/30/2022 5:16:13,26.0,Spotify,6.0,Yes,No,No,EDM,No,Yes,156.0,0,0,3,0,0,0,0,0,0,0,0,1,1,1,0,1,10.0,10.0,8.0,2.0,No effect,I understand.
8/30/2022 6:05:56,17.0,Spotify,1.0,Yes,Yes,No,Country,No,No,105.0,0,3,0,1,1,0,1,0,0,0,1,1,1,0,2,1,8.0,5.0,2.0,3.0,Improve,I understand.
8/30/2022 8:00:32,69.0,Pandora,4.0,Yes,Yes,Yes,Classical,Yes,Yes,72.0,3,2,0,2,2,1,3,1,1,1,0,2,2,0,3,0,1.0,1.0,2.0,0.0,Improve,I understand.
8/30/2022 9:35:28,17.0,Spotify,3.0,Yes,Yes,Yes,R&B,Yes,Yes,148.0,3,0,1,0,2,3,3,3,2,0,1,3,3,3,2,0,9.0,10.0,10.0,3.0,No effect,I understand.
8/30/2022 10:10:44,32.0,Spotify,12.0,Yes,Yes,Yes,Jazz,Yes,Yes,200.0,0,0,2,1,0,2,3,1,0,2,0,1,2,1,0,0,9.0,4.0,4.0,4.0,Improve,I understand.
8/30/2022 11:05:06,22.0,YouTube Music,3.0,No,Yes,No,Classical,Yes,No,113.0,3,0,0,0,0,0,2,0,0,0,0,1,0,0,1,0,8.0,2.0,4.0,0.0,No effect,I understand.
8/30/2022 11:12:36,38.0,Spotify,1.0,No,No,No,Metal,Yes,Yes,191.0,1,0,0,2,0,0,1,0,0,0,3,0,0,0,2,1,1.0,1.0,5.0,1.0,Improve,I understand.
8/30/2022 12:03:11,18.0,YouTube Music,10.0,Yes,No,No,EDM,Yes,No,140.0,0,0,3,2,0,2,0,0,0,2,0,3,3,3,0,0,10.0,9.0,9.0,8.0,Improve,I understand.
8/30/2022 13:07:20,14.0,Spotify,5.0,Yes,Yes,No,Classical,Yes,Yes,40.0,3,1,1,1,1,1,1,2,1,2,0,2,2,1,1,3,3.0,0.0,2.0,3.0,Improve,I understand.
8/30/2022 14:25:28,14.0,Other streaming service,0.5,Yes,Yes,No,Video game music,Yes,Yes,173.0,3,0,0,1,0,0,1,2,1,0,0,3,0,0,0,3,4.0,0.0,4.0,0.0,Improve,I understand.
8/30/2022 14:43:14,19.0,Spotify,5.0,Yes,Yes,Yes,Metal,Yes,Yes,180.0,1,1,1,1,0,1,1,0,1,2,3,2,1,1,3,2,2.0,3.0,5.0,2.0,Improve,I understand.
8/30/2022 16:04:47,20.0,YouTube Music,3.0,Yes,Yes,Yes,Classical,Yes,No,100.0,3,2,1,2,1,1,3,1,1,0,1,2,2,1,1,1,2.0,3.0,3.0,0.0,Improve,I understand.
8/30/2022 16:43:28,18.0,Spotify,2.0,No,No,No,Rock,Yes,No,123.0,0,3,0,1,1,1,1,0,0,0,2,3,0,2,2,2,8.0,4.0,3.0,0.0,Improve,I understand.
8/30/2022 17:33:13,31.0,I do not use a streaming service.,4.0,Yes,Yes,No,Classical,Yes,Yes,55.0,3,1,0,1,1,0,2,0,0,1,1,0,0,0,2,2,8.0,8.0,9.0,3.0,Improve,I understand.
8/30/2022 17:43:36,72.0,Spotify,6.0,Yes,Yes,Yes,Rock,No,No,77.0,0,2,0,0,0,0,3,0,2,0,0,1,3,0,3,0,0.0,1.0,0.0,2.0,Improve,I understand.
8/30/2022 18:15:39,73.0,Pandora,3.0,Yes,No,No,R&B,Yes,Yes,4.0,2,3,1,2,3,2,2,1,3,0,1,2,3,2,2,0,5.0,4.0,0.0,1.0,Improve,I understand.
8/31/2022 1:39:16,16.0,Spotify,4.0,Yes,No,No,Pop,Yes,Yes,150.0,1,1,2,2,1,3,1,2,1,2,1,3,1,1,1,1,7.5,5.0,7.0,8.5,Improve,I understand.
8/31/2022 5:45:08,19.0,YouTube Music,3.0,No,Yes,No,Rap,Yes,Yes,73.0,1,0,2,0,0,2,1,0,0,1,0,2,1,3,2,2,3.0,3.0,0.0,0.0,Improve,I understand.
8/31/2022 6:36:13,16.0,Spotify,2.0,Yes,Yes,No,Classical,No,No,155.0,3,1,0,1,0,1,1,0,0,1,0,3,0,0,1,1,7.0,5.0,3.0,1.0,Improve,I understand.
8/31/2022 8:35:00,39.0,Spotify,1.0,Yes,No,No,Hip hop,Yes,Yes,89.0,0,1,1,2,0,3,1,1,1,2,2,3,2,3,3,0,6.0,4.0,1.0,1.0,Improve,I understand.
8/31/2022 9:42:46,15.0,Spotify,6.0,Yes,Yes,No,K pop,Yes,Yes,110.0,2,0,1,2,0,1,2,3,2,2,1,3,2,1,3,0,8.0,8.0,7.0,10.0,No effect,I understand.
8/31/2022 12:53:28,14.0,Spotify,9.0,Yes,No,No,R&B,Yes,Yes,140.0,3,1,1,1,1,2,1,3,1,2,1,3,3,3,1,1,10.0,8.0,9.0,5.0,Improve,I understand.
8/31/2022 13:20:39,21.0,Spotify,1.0,No,No,No,Country,No,No,135.0,0,3,0,0,0,0,0,0,0,0,0,0,0,0,0,0,3.0,0.0,2.0,0.0,Improve,I understand.
8/31/2022 14:28:33,38.0,Apple Music,1.0,Yes,No,No,Video game music,No,No,125.0,1,0,0,0,0,1,2,1,1,0,1,2,1,1,1,3,5.0,5.0,7.0,1.0,Worsen,I understand.
8/31/2022 15:48:18,23.0,Spotify,0.5,No,No,Yes,Hip hop,Yes,Yes,110.0,2,2,1,1,1,3,1,3,1,2,1,2,2,3,1,2,7.0,7.0,6.0,5.0,Improve,I understand.
8/31/2022 16:47:03,16.0,Other streaming service,1.0,No,No,No,EDM,Yes,No,140.0,0,0,3,0,0,2,1,0,0,2,2,1,1,1,2,2,7.0,4.0,6.0,3.0,Improve,I understand.
8/31/2022 18:56:39,13.0,Spotify,6.0,Yes,No,No,Rap,Yes,No,112.0,0,0,0,0,0,3,0,1,0,1,0,1,0,3,0,0,4.0,0.0,0.0,2.0,Worsen,I understand.
8/31/2022 20:40:05,16.0,Spotify,4.0,Yes,No,No,Rock,Yes,No,96.0,1,2,2,2,0,2,1,2,0,3,3,3,0,0,3,2,3.0,0.0,6.0,9.0,Improve,I understand.
8/31/2022 23:09:44,21.0,Spotify,4.0,Yes,No,No,Metal,Yes,Yes,155.0,0,0,3,0,0,0,0,0,0,1,2,0,0,0,3,3,10.0,6.0,8.0,0.0,Improve,I understand.
9/1/2022 1:16:46,17.0,Spotify,1.5,Yes,No,No,Classical,Yes,Yes,174.0,3,1,0,1,0,0,2,0,0,2,0,3,1,0,0,0,7.0,5.0,1.0,2.0,No effect,I understand.
9/1/2022 2:32:43,24.0,Apple Music,2.0,Yes,No,No,Rock,Yes,Yes,93.0,1,2,0,3,0,2,2,0,1,2,0,1,1,2,3,0,7.0,7.0,0.0,4.0,No effect,I understand.
9/1/2022 3:38:02,14.0,Apple Music,2.0,Yes,No,No,Pop,Yes,No,78.0,1,0,0,2,0,2,0,1,3,1,1,3,2,2,1,0,6.0,0.0,0.0,0.0,Improve,I understand.
9/1/2022 5:20:01,22.0,Spotify,3.0,Yes,No,No,Lofi,Yes,Yes,174.0,1,3,2,1,1,1,1,1,1,3,1,1,1,1,1,1,7.0,6.0,7.0,9.0,Improve,I understand.
9/1/2022 9:25:07,20.0,I do not use a streaming service.,4.0,Yes,No,No,Rock,Yes,Yes,120.0,1,0,2,0,0,1,0,3,1,1,2,3,1,1,3,1,5.0,7.0,7.0,0.0,No effect,I understand.
9/1/2022 12:04:47,23.0,Spotify,2.0,Yes,No,No,Pop,No,No,75.0,2,1,1,2,0,3,2,0,0,0,0,3,3,3,2,2,7.0,6.0,4.0,3.0,Improve,I understand.
9/1/2022 13:13:06,61.0,Pandora,2.0,Yes,No,No,Rock,Yes,No,94.0,0,0,0,1,0,0,0,1,0,0,2,2,1,0,2,0,2.0,2.0,2.0,0.0,Improve,I understand.
9/1/2022 13:14:34,24.0,Spotify,6.0,Yes,No,No,Video game music,No,Yes,180.0,2,0,2,3,0,0,0,1,0,1,2,1,0,0,3,3,9.0,5.0,0.0,7.0,Improve,I understand.
9/1/2022 14:56:21,34.0,Spotify,0.0,No,Yes,No,Rock,No,Yes,115.0,1,1,0,2,0,0,0,0,0,0,1,0,0,0,3,0,3.0,7.0,8.0,0.0,Worsen,I understand.
9/1/2022 14:57:20,49.0,Spotify,1.0,No,No,No,Pop,Yes,No,128.0,2,0,0,0,0,3,1,0,0,3,0,3,3,3,2,0,4.0,5.0,9.0,1.0,Improve,I understand.
9/1/2022 14:59:20,33.0,I do not use a streaming service.,4.0,Yes,Yes,No,Rock,Yes,Yes,112.0,1,2,1,1,1,1,1,0,0,3,1,2,1,1,3,3,1.0,0.0,7.0,0.0,Improve,I understand.
9/1/2022 15:01:10,22.0,I do not use a streaming service.,2.0,No,Yes,Yes,Metal,No,No,140.0,0,0,1,0,0,0,0,0,0,0,3,1,1,0,3,3,3.0,2.0,0.0,2.0,No effect,I understand.
9/1/2022 15:05:15,38.0,Spotify,3.0,Yes,No,No,Metal,Yes,Yes,143.0,1,0,0,0,0,0,0,0,0,0,3,0,0,1,2,0,1.0,6.0,1.0,2.0,Improve,I understand.
9/1/2022 15:21:55,23.0,YouTube Music,4.0,No,No,No,Hip hop,Yes,No,72.0,1,1,0,1,0,3,1,0,0,2,1,3,2,2,2,1,8.0,10.0,4.0,0.0,No effect,I understand.
9/1/2022 15:24:02,34.0,I do not use a streaming service.,2.0,No,No,No,Video game music,No,Yes,100.0,1,1,1,0,0,2,1,1,0,1,1,0,0,2,1,3,8.0,10.0,10.0,0.0,No effect,I understand.
9/1/2022 15:24:13,40.0,Other streaming service,3.0,Yes,No,No,Metal,Yes,Yes,120.0,0,0,0,0,0,0,2,0,2,0,3,1,1,0,2,0,3.0,0.0,8.0,1.0,No effect,I understand.
9/1/2022 15:50:14,16.0,Spotify,10.0,No,No,No,Rock,Yes,No,105.0,1,3,0,3,1,1,2,0,0,0,3,2,1,1,3,0,0.0,0.0,0.0,0.0,No effect,I understand.
9/1/2022 16:00:05,23.0,I do not use a streaming service.,10.0,Yes,No,No,Video game music,No,Yes,119.0,1,0,2,2,0,1,0,2,0,2,1,2,0,1,2,3,8.0,8.0,5.0,0.0,Improve,I understand.
9/1/2022 16:11:18,22.0,YouTube Music,4.0,Yes,No,No,Folk,Yes,Yes,137.0,1,2,3,3,0,2,2,0,1,2,3,3,2,2,3,2,8.0,7.0,6.0,2.0,Improve,I understand.
9/1/2022 16:30:33,41.0,Spotify,3.0,No,No,No,Metal,Yes,Yes,178.0,3,1,0,1,0,0,0,2,0,0,3,1,0,1,2,3,6.0,5.0,4.0,0.0,No effect,I understand.
9/1/2022 16:35:30,63.0,Spotify,2.0,Yes,No,No,Rock,Yes,No,133.0,3,2,1,3,0,1,2,0,1,0,0,0,1,0,3,0,5.0,4.0,6.0,2.0,Improve,I understand.
9/1/2022 16:38:05,28.0,Spotify,1.0,No,Yes,No,Rock,Yes,No,72.0,1,1,0,1,0,1,0,0,0,2,1,2,0,1,2,0,3.0,1.0,0.0,2.0,No effect,I understand.
9/1/2022 16:43:48,58.0,YouTube Music,1.0,Yes,No,No,Rock,Yes,No,133.0,1,2,1,2,2,2,2,0,1,1,2,1,2,2,2,0,5.0,6.0,3.0,1.0,Improve,I understand.
9/1/2022 16:58:12,58.0,YouTube Music,1.0,Yes,Yes,Yes,Classical,Yes,No,80.0,2,1,0,1,2,1,2,1,1,0,0,1,0,0,0,0,0.0,0.0,2.0,1.0,Improve,I understand.
9/1/2022 17:00:07,67.0,Other streaming service,4.0,Yes,No,No,Rock,No,No,146.0,0,2,0,0,0,0,2,0,0,0,1,0,1,0,3,0,7.0,6.0,7.0,4.0,Improve,I understand.
9/1/2022 17:17:48,70.0,I do not use a streaming service.,2.0,Yes,No,No,Country,No,No,88.0,2,3,0,0,0,0,0,0,0,0,0,0,0,0,0,0,8.0,5.0,6.0,1.0,Improve,I understand.
9/1/2022 17:27:50,60.0,YouTube Music,2.0,Yes,No,No,Rock,No,Yes,132.0,2,2,0,2,1,0,1,0,1,0,1,2,2,1,3,1,4.0,4.0,2.0,0.0,Improve,I understand.
9/1/2022 17:33:02,15.0,Spotify,2.0,Yes,Yes,Yes,Pop,Yes,No,102.0,1,1,2,0,2,1,2,2,0,0,0,3,2,0,2,3,9.0,8.0,10.0,9.0,Improve,I understand.
9/1/2022 17:48:55,18.0,YouTube Music,6.0,Yes,No,No,EDM,Yes,Yes,91.0,3,1,3,1,2,3,2,0,2,3,2,3,3,3,2,3,5.0,5.0,7.0,0.0,Improve,I understand.
9/1/2022 17:51:31,58.0,Other streaming service,3.0,Yes,No,No,Hip hop,Yes,Yes,127.0,2,0,2,1,2,3,3,0,2,3,0,1,3,2,2,0,4.0,6.0,8.0,1.0,Improve,I understand.
9/1/2022 18:02:53,28.0,Other streaming service,1.0,Yes,No,No,Lofi,Yes,Yes,82.0,2,1,1,1,1,2,2,1,2,3,1,2,2,1,2,2,4.0,8.0,5.0,0.0,Improve,I understand.
9/1/2022 18:10:41,22.0,Spotify,4.0,Yes,Yes,No,Lofi,Yes,No,141.0,1,1,0,2,0,1,2,0,0,3,1,2,1,1,3,0,9.0,10.0,6.0,7.0,Improve,I understand.
9/1/2022 18:11:35,49.0,YouTube Music,0.5,No,No,No,Classical,No,No,114.0,3,2,1,2,3,2,2,1,1,0,1,2,2,2,1,1,3.0,2.0,2.0,2.0,Improve,I understand.
9/1/2022 18:38:46,20.0,YouTube Music,8.0,Yes,No,No,Rock,Yes,Yes,148.0,0,1,1,2,0,0,1,0,0,1,2,1,2,0,3,2,6.0,2.0,2.0,1.0,Improve,I understand.
9/1/2022 19:08:55,55.0,YouTube Music,15.0,Yes,No,No,Rock,No,No,156.0,1,0,0,3,0,0,2,0,1,0,0,1,0,0,3,0,2.0,0.0,3.0,0.0,No effect,I understand.
9/1/2022 19:09:32,48.0,Spotify,1.5,Yes,Yes,No,Metal,No,No,185.0,1,0,1,0,0,0,1,0,0,0,2,0,1,0,1,1,10.0,8.0,0.0,4.0,Improve,I understand.
9/1/2022 19:36:54,14.0,Spotify,2.0,Yes,Yes,No,K pop,Yes,Yes,114.0,2,0,1,0,0,2,2,3,0,2,0,1,1,1,0,1,4.0,4.0,2.0,2.0,Improve,I understand.
9/1/2022 19:39:07,18.0,Spotify,3.0,Yes,Yes,No,Pop,Yes,Yes,120.0,2,0,2,1,0,3,2,3,3,2,1,3,3,3,2,2,7.0,8.0,6.0,2.0,Improve,I understand.
9/1/2022 19:39:49,25.0,Spotify,1.0,Yes,No,No,Pop,Yes,Yes,80.0,3,1,1,1,0,2,2,0,0,1,3,3,1,2,2,2,7.0,6.0,5.0,5.0,Improve,I understand.
9/1/2022 20:36:10,18.0,I do not use a streaming service.,1.0,Yes,No,Yes,Video game music,No,No,116.0,1,1,2,2,0,1,2,0,0,0,2,0,1,2,2,3,4.0,5.0,7.0,0.0,No effect,I understand.
9/1/2022 21:05:57,19.0,Spotify,5.0,Yes,No,No,Hip hop,No,Yes,99.0,1,3,2,1,1,3,0,1,3,0,1,2,2,3,1,2,10.0,7.0,0.0,0.0,Improve,I understand.
9/1/2022 21:07:33,74.0,I do not use a streaming service.,1.0,No,No,No,Pop,No,No,129.0,1,3,0,2,2,0,1,0,2,0,0,3,2,0,2,0,4.0,2.0,1.0,0.0,Improve,I understand.
9/1/2022 21:14:09,36.0,Pandora,1.0,Yes,No,No,Hip hop,No,No,131.0,2,0,0,0,0,3,0,0,0,0,0,3,2,2,2,0,7.0,6.0,2.0,3.0,Improve,I understand.
9/1/2022 21:24:34,14.0,Spotify,7.0,Yes,No,No,Lofi,Yes,Yes,95.0,0,0,0,0,0,2,0,0,0,3,0,3,0,2,0,1,3.0,2.0,8.0,0.0,Improve,I understand.
9/1/2022 21:44:49,20.0,Spotify,3.0,No,Yes,Yes,Hip hop,Yes,Yes,80.0,3,1,1,2,0,3,2,0,2,1,1,2,2,3,3,1,10.0,7.0,4.0,3.0,Improve,I understand.
9/1/2022 22:38:20,15.0,Spotify,3.0,Yes,No,No,K pop,Yes,Yes,204.0,1,0,1,0,0,3,2,3,0,0,0,1,2,3,2,3,4.0,0.0,0.0,0.0,No effect,I understand.
9/1/2022 23:11:19,19.0,I do not use a streaming service.,7.0,Yes,No,No,Rock,No,No,128.0,2,1,0,1,0,0,2,0,0,0,1,0,0,0,3,2,7.0,7.0,0.0,0.0,Improve,I understand.
9/2/2022 0:08:07,29.0,Spotify,8.0,Yes,No,No,EDM,No,Yes,140.0,1,2,3,2,0,2,1,0,0,1,2,0,0,3,3,3,6.0,7.0,4.0,1.0,Improve,I understand.
9/2/2022 0:20:40,24.0,Spotify,2.0,Yes,No,No,Metal,Yes,No,159.0,0,1,3,2,3,0,0,0,0,1,3,1,0,0,2,1,7.0,6.0,2.0,7.0,Improve,I understand.
9/2/2022 0:32:48,18.0,Apple Music,2.0,Yes,No,No,Pop,Yes,Yes,104.0,1,1,1,1,1,3,1,1,2,1,2,3,3,3,3,0,6.0,5.0,8.0,0.0,Improve,I understand.
9/2/2022 1:03:00,21.0,Spotify,2.0,Yes,No,No,Rock,Yes,Yes,97.0,2,0,0,2,0,1,1,1,0,1,0,3,1,1,3,1,10.0,10.0,2.0,3.0,Improve,I understand.
9/2/2022 1:59:54,19.0,Spotify,2.0,Yes,No,No,K pop,Yes,Yes,80.0,1,0,1,0,0,2,2,3,0,2,0,2,3,1,2,2,7.0,6.0,5.0,1.0,Improve,I understand.
9/2/2022 2:19:59,25.0,Spotify,4.0,No,No,No,Video game music,Yes,Yes,134.0,2,0,0,1,1,0,0,1,3,0,0,3,2,0,0,3,3.0,0.0,0.0,0.0,Improve,I understand.
9/2/2022 3:27:21,27.0,Other streaming service,4.0,Yes,No,No,Rap,Yes,No,135.0,1,0,0,0,0,2,1,2,0,2,0,1,0,3,1,1,7.0,6.0,6.0,5.0,Improve,I understand.
9/2/2022 3:32:55,60.0,Spotify,1.0,No,No,No,Rock,Yes,No,129.0,2,1,0,2,0,0,2,0,0,0,0,1,1,0,2,0,3.0,2.0,5.0,0.0,No effect,I understand.
9/2/2022 4:56:02,43.0,Other streaming service,1.0,No,No,No,Country,No,No,110.0,0,3,0,0,0,1,0,0,0,0,0,2,0,0,1,0,5.0,1.0,1.0,1.0,Improve,I understand.
9/2/2022 4:56:56,51.0,I do not use a streaming service.,5.0,Yes,No,No,Rock,No,No,180.0,2,1,0,2,0,0,1,0,0,0,2,1,1,0,3,1,1.0,2.0,1.0,0.0,No effect,I understand.
9/2/2022 5:21:18,63.0,YouTube Music,8.0,Yes,No,No,Rock,Yes,No,70.0,2,2,1,1,0,0,1,0,1,1,0,2,1,0,2,0,2.0,1.0,2.0,2.0,Improve,I understand.
9/2/2022 6:20:43,24.0,YouTube Music,1.0,Yes,No,No,Folk,No,Yes,103.0,2,0,3,3,1,2,2,1,1,3,1,2,1,2,3,3,10.0,10.0,7.0,8.0,Improve,I understand.
9/2/2022 6:41:49,19.0,Spotify,8.0,Yes,No,No,Pop,Yes,Yes,99.0,1,2,2,3,0,3,0,3,2,1,1,3,2,3,3,1,7.0,2.0,1.0,6.0,Improve,I understand.
9/2/2022 7:13:38,56.0,Apple Music,8.0,Yes,No,No,Pop,Yes,No,117.0,2,1,1,2,0,2,2,1,1,1,2,2,2,2,2,0,6.0,4.0,1.0,0.0,Improve,I understand.
9/2/2022 7:13:53,20.0,Spotify,1.0,No,No,No,EDM,Yes,No,102.0,1,0,3,0,0,2,0,1,1,3,1,3,0,0,0,0,5.0,9.0,6.0,1.0,Improve,I understand.
9/2/2022 7:29:17,19.0,I do not use a streaming service.,1.0,Yes,Yes,No,Video game music,No,No,127.0,3,0,0,1,1,2,2,1,1,3,0,2,2,1,1,3,7.0,5.0,7.0,0.0,Improve,I understand.
9/2/2022 7:53:55,20.0,Spotify,8.0,Yes,No,No,Jazz,Yes,Yes,93.0,1,2,1,3,0,2,3,1,2,3,0,2,1,2,2,1,7.0,6.0,7.0,4.0,Improve,I understand.
9/2/2022 8:06:29,65.0,Apple Music,6.0,Yes,No,No,R&B,No,Yes,146.0,1,1,0,1,1,1,1,1,2,0,0,2,3,0,2,0,3.0,5.0,0.0,2.0,No effect,I understand.
9/2/2022 9:15:48,28.0,Spotify,3.0,No,Yes,Yes,Metal,Yes,Yes,0.0,3,0,1,2,1,1,3,1,2,3,3,1,2,0,3,3,8.0,8.0,5.0,2.0,Improve,I understand.
9/2/2022 9:25:05,18.0,I do not use a streaming service.,4.0,Yes,Yes,No,EDM,No,Yes,150.0,3,0,3,0,0,0,1,0,0,1,0,2,0,1,1,2,8.0,7.0,10.0,6.0,Improve,I understand.
9/2/2022 9:54:23,42.0,Spotify,2.0,Yes,No,No,Rock,No,Yes,85.0,1,0,0,0,0,1,0,0,0,0,0,2,1,1,2,1,2.0,4.0,5.0,2.0,Improve,I understand.
9/2/2022 14:09:04,80.0,I do not use a streaming service.,3.0,Yes,Yes,No,Classical,No,No,122.0,3,1,0,1,0,0,1,1,0,1,1,2,0,0,0,2,7.0,3.0,9.0,2.0,Improve,I understand.
9/2/2022 15:24:02,56.0,Other streaming service,2.0,No,No,No,Jazz,Yes,Yes,120.0,2,0,2,2,1,0,3,0,1,1,1,2,1,0,2,1,0.0,0.0,0.0,5.0,No effect,I understand.
9/2/2022 16:14:44,20.0,YouTube Music,1.0,Yes,No,No,Pop,No,Yes,120.0,0,0,2,0,0,1,2,3,1,1,0,3,2,1,1,0,8.0,6.0,9.0,8.0,Improve,I understand.
9/2/2022 16:36:02,15.0,Spotify,1.0,Yes,No,No,Video game music,Yes,Yes,150.0,0,1,2,0,0,2,1,0,0,3,2,2,1,1,3,3,4.0,2.0,3.0,2.0,Improve,I understand.
9/2/2022 19:39:37,57.0,Spotify,2.0,Yes,Yes,No,Gospel,No,No,174.0,2,0,0,1,3,0,2,0,1,0,0,2,2,0,1,0,6.0,4.0,10.0,0.0,Improve,I understand.
9/2/2022 21:14:59,22.0,Apple Music,7.0,Yes,No,No,Pop,Yes,Yes,112.0,0,0,2,1,0,3,0,3,2,0,0,3,3,3,2,1,8.0,8.0,10.0,0.0,Improve,I understand.
9/2/2022 21:19:33,17.0,Spotify,5.0,Yes,No,No,Pop,Yes,Yes,180.0,0,0,2,0,0,2,0,3,1,1,0,3,3,2,1,1,5.0,5.0,5.0,5.0,Improve,I understand.
9/2/2022 22:18:57,19.0,Spotify,3.0,Yes,No,No,Rock,No,No,121.0,0,3,0,1,2,0,0,0,0,0,1,3,0,2,3,2,10.0,8.0,6.0,2.0,No effect,I understand.
9/3/2022 3:54:07,50.0,I do not use a streaming service.,1.0,No,No,No,Rock,No,No,98.0,2,2,0,0,0,3,2,1,1,0,1,3,2,2,3,0,0.0,0.0,7.0,0.0,Improve,I understand.
9/3/2022 5:27:15,24.0,Spotify,6.0,Yes,Yes,Yes,Rock,Yes,Yes,118.0,0,1,2,3,0,1,1,2,0,1,3,2,0,1,3,2,8.0,8.0,10.0,0.0,Improve,I understand.
9/3/2022 8:53:08,18.0,Other streaming service,3.0,Yes,Yes,Yes,Metal,Yes,No,135.0,2,2,0,1,1,1,0,0,0,0,3,0,1,1,1,0,7.0,8.0,4.0,10.0,Improve,I understand.
9/3/2022 10:41:32,15.0,Spotify,4.0,Yes,Yes,No,Pop,Yes,No,105.0,0,1,0,0,2,1,1,1,1,2,1,3,2,2,3,2,3.0,5.0,4.0,0.0,Improve,I understand.
9/3/2022 12:26:29,17.0,Spotify,2.0,Yes,Yes,No,Pop,Yes,Yes,122.0,1,0,0,1,0,2,0,3,1,0,0,3,0,2,0,0,5.0,2.0,3.0,1.0,Improve,I understand.
9/3/2022 14:08:20,18.0,Spotify,2.0,No,No,No,Rap,Yes,Yes,136.0,1,0,0,0,0,3,1,0,0,0,1,2,1,3,1,3,6.0,3.0,4.0,2.0,Improve,I understand.
9/3/2022 14:35:13,18.0,Spotify,1.0,Yes,Yes,Yes,Rock,Yes,No,165.0,2,0,2,0,0,1,1,0,0,1,3,2,0,1,3,1,5.0,6.0,8.0,2.0,Improve,I understand.
9/3/2022 15:52:50,18.0,Spotify,3.0,Yes,No,No,K pop,Yes,Yes,130.0,2,0,0,0,0,2,0,3,0,1,0,2,3,1,2,1,8.0,4.0,7.0,5.0,Improve,I understand.
9/3/2022 16:00:31,18.0,Spotify,2.0,No,Yes,No,Rock,Yes,No,115.0,0,0,0,0,0,1,0,0,0,0,2,2,1,1,3,0,8.0,3.0,1.0,3.0,Improve,I understand.
9/3/2022 16:24:38,17.0,Other streaming service,6.0,Yes,No,Yes,Rap,Yes,No,140.0,1,0,1,0,2,3,2,0,0,2,0,2,2,3,1,0,3.0,3.0,0.0,0.0,Improve,I understand.
9/3/2022 17:14:57,34.0,Spotify,3.0,Yes,No,No,Classical,No,Yes,95.0,3,0,0,0,0,0,1,0,0,1,2,1,0,0,2,2,0.0,0.0,0.0,0.0,No effect,I understand.
9/3/2022 18:01:31,18.0,YouTube Music,3.0,Yes,No,No,Pop,No,No,150.0,1,1,2,1,0,3,1,1,0,1,1,3,1,3,1,2,5.0,4.0,2.0,0.0,No effect,I understand.
9/3/2022 18:23:01,18.0,Spotify,2.0,Yes,No,No,R&B,Yes,No,97.0,0,0,0,0,2,3,1,0,1,1,0,2,3,3,1,0,2.0,4.0,0.0,0.0,Improve,I understand.
9/3/2022 20:58:21,19.0,Spotify,3.0,Yes,No,No,Rock,Yes,Yes,122.0,2,1,1,2,1,2,1,1,1,1,1,2,1,2,3,0,4.0,0.0,7.0,0.0,No effect,I understand.
9/3/2022 21:08:12,25.0,I do not use a streaming service.,4.0,Yes,No,No,Pop,Yes,Yes,150.0,1,0,2,0,0,3,0,1,1,1,2,3,1,3,3,1,10.0,8.0,6.0,2.0,No effect,I understand.
9/4/2022 2:32:07,25.0,Spotify,5.0,Yes,Yes,No,Rock,Yes,No,125.0,2,2,1,0,0,2,0,1,0,1,2,2,0,2,3,2,8.0,7.0,2.0,1.0,Improve,I understand.
9/4/2022 5:01:04,18.0,Spotify,2.0,Yes,No,No,R&B,No,No,96.0,2,1,0,0,0,2,1,0,0,3,1,3,3,2,3,1,3.0,3.0,0.0,3.0,Improve,I understand.
9/4/2022 9:22:58,24.0,Spotify,7.0,Yes,No,No,Folk,Yes,Yes,137.0,2,1,1,3,0,1,1,0,1,2,1,3,1,1,3,3,10.0,10.0,8.0,10.0,Improve,I understand.
9/4/2022 10:07:27,16.0,Spotify,3.0,Yes,Yes,No,K pop,No,Yes,174.0,1,0,2,0,0,1,2,3,2,2,0,3,1,2,0,0,10.0,2.0,7.0,8.0,Improve,I understand.
9/4/2022 10:48:55,18.0,Spotify,3.0,No,Yes,Yes,Metal,Yes,No,210.0,0,0,0,1,0,2,3,0,1,0,3,1,2,2,2,1,9.0,6.0,8.0,5.0,Improve,I understand.
9/4/2022 11:15:06,18.0,Spotify,4.0,Yes,No,No,R&B,Yes,Yes,129.0,1,1,1,0,0,3,2,0,0,1,0,3,3,3,3,1,6.0,4.0,1.0,6.0,Improve,I understand.
9/4/2022 11:25:54,16.0,Spotify,3.0,Yes,No,No,Pop,Yes,No,112.0,3,0,0,0,0,1,1,0,0,0,0,3,3,0,2,0,3.0,4.0,6.0,8.0,Improve,I understand.
9/4/2022 13:07:45,68.0,Pandora,1.0,Yes,No,No,Gospel,No,No,8.0,3,0,0,2,3,0,0,0,2,0,0,0,0,0,0,0,10.0,10.0,10.0,0.0,Improve,I understand.
9/4/2022 15:41:59,16.0,Spotify,7.0,Yes,No,No,Video game music,Yes,No,999999999.0,0,1,2,1,0,1,1,0,0,0,3,2,0,3,1,2,4.0,8.0,8.0,4.0,No effect,I understand.
9/4/2022 16:26:26,21.0,Spotify,1.0,No,No,No,R&B,Yes,Yes,81.0,0,0,0,0,1,3,0,0,0,0,0,3,3,2,0,0,3.0,0.0,0.0,0.0,Improve,I understand.
9/4/2022 17:54:29,53.0,Pandora,4.0,Yes,No,No,R&B,Yes,Yes,153.0,1,2,1,1,1,3,1,2,1,0,2,1,2,2,2,1,1.0,0.0,0.0,0.0,Improve,I understand.
9/4/2022 20:38:17,29.0,Spotify,4.0,Yes,No,No,Classical,Yes,No,120.0,3,0,3,0,0,0,2,0,1,1,0,2,0,0,1,1,5.0,6.0,7.0,7.0,No effect,I understand.
9/4/2022 22:32:18,18.0,Spotify,4.0,Yes,Yes,No,R&B,Yes,Yes,169.0,1,2,3,0,1,3,1,2,2,2,1,2,3,2,1,2,3.0,0.0,3.0,4.0,Improve,I understand.
9/5/2022 2:08:46,22.0,Spotify,5.0,Yes,No,No,EDM,Yes,Yes,138.0,0,0,3,0,0,3,0,0,0,3,0,3,3,3,3,2,1.0,0.0,0.0,1.0,No effect,I understand.
9/5/2022 6:29:00,19.0,Other streaming service,6.0,Yes,No,No,Pop,No,No,124.0,2,1,1,1,3,2,1,2,3,1,1,3,2,2,2,2,6.0,6.0,0.0,0.0,Improve,I understand.
9/5/2022 12:10:54,26.0,I do not use a streaming service.,1.0,No,No,No,Pop,No,No,192.0,0,1,2,2,0,1,1,2,2,3,0,3,1,1,2,0,6.0,4.0,0.0,0.0,Improve,I understand.
9/5/2022 21:56:50,14.0,Spotify,3.0,Yes,No,No,Rock,Yes,No,76.0,0,0,0,0,0,2,1,0,0,0,1,2,0,0,3,2,2.0,6.0,3.0,0.0,Worsen,I understand.
9/6/2022 9:40:57,27.0,Spotify,1.0,Yes,No,No,Pop,Yes,Yes,119.0,1,1,1,0,1,2,1,3,0,2,0,3,2,2,2,3,8.0,3.0,3.0,3.0,Improve,I understand.
9/6/2022 10:12:09,26.0,Spotify,8.0,No,No,No,Rock,No,Yes,172.0,0,2,2,3,0,3,1,3,0,0,2,2,3,3,3,3,8.0,10.0,7.0,3.0,No effect,I understand.
9/6/2022 11:15:37,59.0,Other streaming service,1.0,No,Yes,No,Rock,No,No,79.0,1,0,0,1,2,0,1,0,1,0,0,1,1,0,3,0,1.0,0.0,0.0,1.0,Improve,I understand.
9/6/2022 11:19:55,30.0,Spotify,8.0,Yes,Yes,Yes,Rock,Yes,No,112.0,2,2,0,1,0,2,2,0,2,2,1,2,2,2,3,0,8.0,6.0,6.0,8.0,Improve,I understand.
9/6/2022 12:36:19,27.0,Spotify,1.0,Yes,No,No,Pop,Yes,Yes,130.0,0,1,2,0,0,2,0,1,2,0,0,3,2,2,2,0,6.0,3.0,1.0,7.0,Improve,I understand.
9/6/2022 13:26:11,18.0,Apple Music,1.0,No,Yes,No,Rap,Yes,Yes,116.0,1,0,0,0,0,2,0,0,1,2,0,2,0,3,0,2,2.0,0.0,3.0,0.0,Improve,I understand.
9/6/2022 14:43:07,23.0,I do not use a streaming service.,10.0,Yes,Yes,Yes,Metal,No,Yes,165.0,0,0,0,0,0,0,0,0,0,0,3,0,0,0,2,0,0.0,0.0,0.0,0.0,No effect,I understand.
9/6/2022 15:53:44,18.0,Spotify,10.0,Yes,Yes,Yes,Rock,Yes,No,110.0,2,2,2,2,1,2,2,2,1,1,3,3,2,2,3,0,10.0,10.0,6.0,6.0,Improve,I understand.
9/6/2022 19:27:55,40.0,Spotify,5.0,Yes,No,No,Rock,Yes,Yes,174.0,2,2,2,2,0,3,1,1,2,1,2,3,2,3,3,1,3.0,0.0,0.0,1.0,Improve,I understand.
9/7/2022 9:16:47,24.0,Spotify,10.0,Yes,No,No,Rock,Yes,Yes,180.0,2,0,0,1,0,0,0,0,0,1,2,2,0,0,3,2,7.0,9.0,10.0,0.0,Improve,I understand.
9/7/2022 12:32:12,23.0,Spotify,2.0,Yes,Yes,No,Classical,Yes,Yes,171.0,3,0,1,1,0,0,2,0,1,2,0,3,1,0,3,0,8.0,7.0,6.0,2.0,Improve,I understand.
9/7/2022 19:43:58,29.0,Other streaming service,2.0,Yes,No,No,R&B,Yes,No,70.0,1,0,3,0,0,3,1,1,2,2,0,3,3,1,0,2,10.0,7.0,9.0,3.0,No effect,I understand.
9/7/2022 21:19:11,16.0,Other streaming service,3.0,Yes,No,No,Pop,No,Yes,120.0,0,0,0,0,0,3,0,3,0,0,0,3,2,0,0,0,6.0,0.0,0.0,0.0,Improve,I understand.
9/8/2022 15:06:09,18.0,Spotify,8.0,Yes,Yes,Yes,Gospel,Yes,Yes,56.0,1,0,1,0,3,2,2,0,2,3,0,2,3,2,0,2,3.0,0.0,2.0,2.0,Improve,I understand.
9/8/2022 16:56:15,21.0,Spotify,8.0,Yes,No,No,Lofi,Yes,Yes,162.0,3,3,3,3,3,3,3,3,3,3,3,3,3,3,3,3,6.0,5.0,9.0,8.0,Improve,I understand.
9/8/2022 18:12:17,32.0,Spotify,8.0,Yes,No,No,Rock,Yes,No,101.0,0,0,0,1,0,2,0,0,0,0,2,1,1,2,3,2,7.0,6.0,5.0,8.0,Improve,I understand.
9/8/2022 18:14:01,22.0,YouTube Music,8.0,Yes,Yes,No,Metal,Yes,No,110.0,2,0,2,1,1,1,2,0,0,0,3,1,1,0,3,3,10.0,7.0,8.0,6.0,Improve,I understand.
9/8/2022 19:16:43,17.0,Spotify,12.0,Yes,Yes,No,Latin,Yes,No,172.0,3,0,1,1,2,3,0,1,3,1,2,1,0,3,3,2,0.0,3.0,9.0,5.0,No effect,I understand.
9/8/2022 21:30:13,18.0,Spotify,6.0,Yes,No,No,EDM,Yes,Yes,90.0,1,0,3,0,0,2,1,3,3,3,0,3,3,3,1,2,0.0,2.0,1.0,5.0,Improve,I understand.
9/8/2022 23:40:30,18.0,Spotify,4.0,Yes,Yes,No,R&B,No,Yes,135.0,2,1,2,0,2,2,0,3,3,1,0,2,3,3,0,1,2.0,0.0,0.0,0.0,No effect,I understand.
9/9/2022 7:19:08,24.0,Spotify,8.0,Yes,No,No,Jazz,Yes,No,81.0,3,0,1,0,0,3,3,0,1,3,0,1,2,2,3,1,2.0,2.0,4.0,0.0,No effect,I understand.
9/9/2022 7:48:44,21.0,Spotify,2.0,No,No,No,Pop,No,No,170.0,1,0,0,0,1,2,0,0,0,2,2,3,2,2,3,2,5.0,6.0,3.0,4.0,No effect,I understand.
9/9/2022 11:15:23,46.0,I do not use a streaming service.,1.0,No,No,No,Rock,No,No,120.0,0,2,0,0,0,0,0,0,0,0,0,2,0,0,2,0,0.0,0.0,1.0,0.0,No effect,I understand.
9/9/2022 11:25:57,18.0,Spotify,2.0,Yes,Yes,No,Hip hop,Yes,No,90.0,0,0,0,0,2,3,0,0,0,2,0,2,3,3,0,0,5.0,4.0,3.0,7.0,Improve,I understand.
9/9/2022 18:44:18,16.0,Spotify,3.0,Yes,Yes,No,K pop,Yes,Yes,115.0,1,0,1,0,0,3,3,3,0,2,0,3,3,3,3,2,2.0,7.0,0.0,0.0,Improve,I understand.
9/10/2022 9:06:07,56.0,I do not use a streaming service.,2.0,Yes,No,No,Rock,No,Yes,220.0,1,0,0,0,0,0,0,0,0,0,3,0,0,1,3,0,3.0,3.0,1.0,8.0,No effect,I understand.
9/10/2022 22:08:18,21.0,Spotify,12.0,Yes,No,No,Rock,Yes,Yes,160.0,2,1,3,1,1,2,2,1,0,2,3,2,1,2,3,1,7.0,10.0,4.0,7.0,Worsen,I understand.
9/12/2022 9:39:30,20.0,Spotify,1.0,Yes,No,No,Pop,Yes,No,121.0,1,0,0,3,0,1,1,1,0,2,1,3,1,1,3,0,3.0,2.0,3.0,0.0,Improve,I understand.
9/12/2022 11:45:04,21.0,Apple Music,1.0,Yes,No,No,Rock,No,No,105.0,2,0,1,0,0,1,1,0,0,0,1,2,0,0,3,1,5.0,1.0,1.0,9.0,Improve,I understand.
9/12/2022 12:09:32,25.0,Spotify,3.0,Yes,No,No,Rock,No,No,110.0,0,1,0,2,0,0,0,0,0,2,0,1,0,0,3,2,8.0,9.0,4.0,10.0,Improve,I understand.
9/12/2022 12:14:25,33.0,Spotify,2.0,Yes,No,No,Metal,Yes,Yes,134.0,1,0,0,2,0,2,1,0,0,0,3,2,2,2,3,2,4.0,8.0,0.0,0.0,Improve,I understand.
9/12/2022 12:15:54,20.0,Spotify,2.0,Yes,No,No,Rock,Yes,Yes,148.0,1,1,1,1,0,2,2,1,2,2,3,3,2,2,3,1,7.0,9.0,7.0,0.0,Improve,I understand.
9/12/2022 12:46:55,17.0,Spotify,3.0,Yes,Yes,No,Rock,Yes,No,120.0,2,2,2,0,0,0,0,1,0,1,3,3,0,1,3,0,1.0,5.0,6.0,4.0,No effect,I understand.
9/12/2022 13:31:22,24.0,YouTube Music,1.0,No,No,No,Jazz,Yes,Yes,122.0,1,0,2,1,0,0,2,1,0,1,1,2,1,0,2,3,3.0,2.0,1.0,0.0,No effect,I understand.
9/12/2022 13:33:58,26.0,Spotify,3.0,Yes,Yes,Yes,Jazz,Yes,Yes,90.0,1,1,1,1,0,2,3,0,2,1,3,1,2,1,3,1,6.0,8.0,0.0,0.0,Improve,I understand.
9/12/2022 13:46:34,17.0,YouTube Music,3.0,Yes,No,No,Rock,No,No,122.0,1,1,0,1,0,1,1,0,0,1,3,2,0,2,3,3,6.0,3.0,6.0,0.0,Improve,I understand.
9/12/2022 13:55:53,16.0,Spotify,5.0,Yes,Yes,Yes,Metal,Yes,Yes,129.0,2,0,0,1,0,1,2,0,0,1,3,2,0,2,3,2,7.0,4.0,8.0,0.0,Improve,I understand.
9/12/2022 14:20:17,27.0,Spotify,8.0,Yes,No,No,Metal,Yes,No,132.0,0,0,1,0,0,2,0,0,0,0,3,3,3,1,2,0,2.0,6.0,9.0,1.0,No effect,I understand.
9/12/2022 14:27:43,28.0,Spotify,4.0,Yes,No,No,Hip hop,Yes,Yes,178.0,1,2,2,1,0,3,0,0,3,2,1,3,1,3,2,1,8.0,5.0,3.0,8.0,Improve,I understand.
9/12/2022 14:42:44,19.0,Spotify,3.0,Yes,No,No,Rap,No,Yes,115.0,0,0,1,1,0,2,0,1,0,3,2,3,2,3,2,2,7.0,5.0,3.0,3.0,Improve,I understand.
9/12/2022 14:44:24,21.0,YouTube Music,4.0,Yes,No,No,Rock,Yes,Yes,137.0,2,3,1,3,0,2,0,0,0,1,2,3,2,2,3,1,4.0,8.0,2.0,3.0,Improve,I understand.
9/12/2022 15:07:48,21.0,I do not use a streaming service.,1.0,Yes,Yes,No,Classical,No,No,92.0,3,0,0,0,0,0,0,0,0,0,0,0,0,0,0,1,3.0,0.0,0.0,5.0,Improve,I understand.
9/12/2022 15:12:27,15.0,Spotify,4.0,Yes,No,No,Metal,Yes,Yes,140.0,1,0,2,1,0,1,0,1,0,0,3,2,2,2,3,1,10.0,7.0,3.0,2.0,Improve,I understand.
9/12/2022 16:24:44,20.0,Spotify,1.0,No,No,No,Rock,Yes,Yes,130.0,2,2,1,3,1,1,3,0,0,0,0,3,1,1,3,0,10.0,4.0,8.0,0.0,Improve,I understand.
9/12/2022 18:09:18,22.0,Spotify,6.0,Yes,No,No,Folk,Yes,No,63.0,0,1,2,3,0,1,1,0,2,2,0,1,1,1,3,2,8.0,7.0,7.0,3.0,Improve,I understand.
9/12/2022 18:10:24,22.0,Spotify,2.0,No,No,No,Rock,No,No,119.0,1,0,0,0,0,1,1,1,0,0,3,3,0,0,3,2,10.0,5.0,2.0,8.0,Improve,I understand.
9/12/2022 19:03:41,20.0,YouTube Music,4.0,Yes,Yes,No,Metal,Yes,No,180.0,1,2,0,0,0,0,1,0,0,0,3,0,0,0,3,2,5.0,2.0,1.0,6.0,Improve,I understand.
9/12/2022 19:13:06,49.0,I do not use a streaming service.,8.0,Yes,Yes,Yes,Classical,No,No,68.0,3,0,0,0,0,0,1,0,0,0,1,1,0,0,1,0,4.0,8.0,9.0,1.0,Improve,I understand.
9/12/2022 19:41:23,42.0,Spotify,2.0,Yes,No,No,Metal,Yes,Yes,85.0,2,1,0,0,1,1,0,2,2,1,3,3,2,0,3,3,7.0,8.0,5.0,3.0,Improve,I understand.
9/12/2022 20:07:14,26.0,Spotify,2.0,Yes,No,No,EDM,Yes,Yes,128.0,1,2,3,2,0,2,1,0,2,1,1,2,1,2,3,0,2.0,2.0,0.0,3.0,No effect,I understand.
9/12/2022 22:24:29,17.0,Spotify,10.0,Yes,No,Yes,K pop,Yes,Yes,150.0,1,2,1,1,0,3,0,3,1,2,3,3,2,3,3,2,10.0,3.0,0.0,4.0,Improve,I understand.
9/12/2022 22:26:06,30.0,I do not use a streaming service.,0.0,No,No,No,Metal,No,No,0.0,1,0,1,0,0,0,0,0,0,0,2,0,0,1,1,1,10.0,10.0,10.0,9.0,Improve,I understand.
9/12/2022 23:09:28,23.0,Spotify,6.0,Yes,No,No,Folk,Yes,Yes,92.0,2,2,1,2,0,2,2,2,1,1,1,2,2,2,2,1,3.0,7.0,7.0,4.0,No effect,I understand.
9/12/2022 23:16:49,30.0,Apple Music,3.0,Yes,No,No,EDM,Yes,Yes,121.0,1,0,3,0,1,2,0,3,0,0,1,3,2,2,2,0,7.0,5.0,7.0,7.0,Improve,I understand.
9/12/2022 23:56:16,31.0,Spotify,2.0,Yes,No,No,Metal,No,Yes,155.0,1,2,0,3,0,1,1,0,0,0,3,3,3,1,3,2,7.0,4.0,8.0,8.0,Improve,I understand.
9/13/2022 0:48:14,42.0,Other streaming service,0.25,No,Yes,No,Classical,Yes,Yes,150.0,3,1,0,0,0,0,2,0,1,0,1,2,1,1,2,0,7.0,9.0,4.0,5.0,Improve,I understand.
9/13/2022 1:55:43,16.0,Other streaming service,4.0,Yes,No,No,EDM,Yes,Yes,624.0,2,0,3,0,0,0,0,1,0,0,0,0,0,0,0,2,4.0,7.0,1.0,3.0,Improve,I understand.
9/13/2022 1:57:14,34.0,YouTube Music,2.0,No,No,No,Metal,Yes,No,136.0,2,1,0,2,0,1,1,1,1,0,3,2,1,1,3,0,5.0,9.0,9.0,6.0,Improve,I understand.
9/13/2022 2:17:14,21.0,YouTube Music,2.0,Yes,No,No,Pop,Yes,No,121.0,2,0,3,1,0,1,1,1,2,1,2,3,3,1,2,2,5.0,4.0,10.0,7.0,No effect,I understand.
9/13/2022 4:45:33,27.0,YouTube Music,3.0,Yes,No,No,Pop,No,No,113.0,1,1,1,1,0,3,1,1,1,1,1,3,3,2,2,1,7.0,2.0,0.0,1.0,Improve,I understand.
9/13/2022 5:57:53,18.0,Spotify,6.0,Yes,No,No,Folk,Yes,Yes,80.0,0,3,3,3,2,2,1,1,1,2,2,3,2,2,3,2,8.0,6.0,0.0,2.0,Improve,I understand.
9/13/2022 7:06:03,26.0,Spotify,3.0,No,No,No,Metal,Yes,No,140.0,1,3,0,3,1,2,2,0,0,1,3,1,1,2,3,1,1.0,3.0,10.0,0.0,No effect,I understand.
9/13/2022 7:12:07,37.0,Spotify,2.0,Yes,No,No,Rock,Yes,No,100.0,0,0,0,0,0,1,0,0,0,0,2,2,1,1,2,0,8.0,10.0,10.0,2.0,Worsen,I understand.
9/13/2022 8:05:59,26.0,Spotify,5.0,Yes,Yes,No,Folk,Yes,Yes,92.0,2,1,1,3,0,3,3,0,1,1,2,2,2,3,3,1,4.0,7.0,6.0,0.0,No effect,I understand.
9/13/2022 8:36:33,19.0,Spotify,4.0,No,No,No,Pop,No,Yes,120.0,0,0,2,0,0,2,2,2,2,1,0,3,2,2,2,2,9.0,6.0,3.0,0.0,No effect,I understand.
9/13/2022 9:29:29,22.0,Spotify,4.0,Yes,No,No,Rock,Yes,No,93.0,0,1,0,0,0,1,0,0,0,1,2,3,1,1,3,3,10.0,7.0,4.0,4.0,Improve,I understand.
9/13/2022 13:18:32,24.0,I do not use a streaming service.,12.0,Yes,Yes,Yes,Rock,Yes,No,136.0,2,1,0,2,1,1,1,0,1,0,3,3,1,1,3,3,7.0,10.0,0.0,8.0,Improve,I understand.
9/13/2022 13:58:18,21.0,I do not use a streaming service.,0.5,No,No,No,Pop,No,No,108.0,0,0,0,0,0,0,0,2,0,0,0,2,0,0,0,0,10.0,2.0,1.0,10.0,Worsen,I understand.
9/13/2022 16:16:16,28.0,I do not use a streaming service.,1.0,Yes,No,No,Rock,No,No,147.0,1,1,0,1,0,0,0,0,0,0,0,2,0,0,2,0,2.0,1.0,2.0,2.0,Improve,I understand.
9/13/2022 16:34:56,23.0,YouTube Music,3.0,Yes,No,No,R&B,Yes,Yes,93.0,3,0,0,3,0,3,3,0,1,3,1,3,3,3,2,1,3.0,10.0,0.0,0.0,No effect,I understand.
9/13/2022 22:19:10,20.0,Apple Music,12.0,No,No,No,Rock,Yes,Yes,98.0,0,2,1,2,2,2,2,1,0,0,2,3,2,2,3,2,7.0,10.0,2.0,0.0,Improve,I understand.
9/13/2022 23:06:06,17.0,Spotify,4.0,Yes,Yes,Yes,Metal,No,No,120.0,0,1,3,0,0,0,1,0,0,1,3,2,0,0,3,2,4.0,2.0,0.0,0.0,Improve,I understand.
9/14/2022 0:09:08,19.0,Spotify,3.0,Yes,No,No,R&B,No,No,130.0,1,1,1,1,1,1,1,1,0,0,0,2,2,2,2,1,4.0,2.0,5.0,3.0,Improve,I understand.
9/14/2022 0:58:57,32.0,Spotify,1.0,Yes,No,No,Metal,Yes,Yes,218.0,2,2,2,2,0,1,0,3,1,0,3,1,1,2,3,1,6.0,8.0,7.0,0.0,Improve,I understand.
9/14/2022 7:07:15,18.0,YouTube Music,4.0,No,No,No,Folk,Yes,Yes,123.0,2,3,2,3,1,2,2,0,0,2,3,3,1,1,3,3,8.0,6.0,4.0,0.0,Improve,I understand.
9/14/2022 9:56:39,20.0,Other streaming service,2.0,Yes,Yes,Yes,Rock,Yes,No,135.0,2,1,0,1,0,0,1,1,0,0,0,3,0,0,3,2,2.0,2.0,0.0,0.0,No effect,I understand.
9/14/2022 12:44:04,27.0,Spotify,3.0,Yes,No,No,Rock,Yes,Yes,105.0,1,0,3,1,0,1,1,0,0,3,3,1,1,1,3,3,8.0,7.0,9.0,3.0,Improve,I understand.
9/15/2022 11:09:46,24.0,Spotify,2.0,Yes,No,No,Pop,Yes,Yes,115.0,0,0,0,0,0,2,1,1,0,1,0,3,3,2,1,1,6.0,6.0,3.0,6.0,Improve,I understand.
9/15/2022 15:30:41,20.0,Spotify,1.0,Yes,No,No,K pop,Yes,Yes,120.0,2,0,1,0,2,0,1,3,0,2,0,3,2,0,1,0,8.0,7.0,1.0,1.0,No effect,I understand.
9/16/2022 9:24:53,16.0,Spotify,2.0,Yes,No,No,Video game music,No,No,149.0,3,0,0,0,0,0,0,0,0,0,0,1,0,1,0,3,6.0,2.0,4.0,3.0,Improve,I understand.
9/16/2022 21:55:32,21.0,Spotify,11.0,Yes,Yes,Yes,Metal,Yes,Yes,125.0,1,1,2,1,1,3,2,1,1,3,3,3,2,3,3,3,5.0,6.0,6.0,0.0,Improve,I understand.
9/18/2022 16:23:29,27.0,Spotify,10.0,Yes,Yes,Yes,Jazz,Yes,Yes,132.0,3,0,0,3,1,1,3,1,1,2,2,2,2,1,2,2,6.0,10.0,8.0,1.0,Improve,I understand.
9/18/2022 20:32:27,17.0,Spotify,5.0,Yes,Yes,No,Rock,Yes,No,110.0,3,1,1,2,1,3,3,0,1,3,2,2,3,3,3,2,7.0,3.0,9.0,7.0,Improve,I understand.
9/19/2022 8:12:47,21.0,Spotify,1.5,Yes,Yes,No,Classical,Yes,Yes,110.0,3,1,3,3,2,2,3,0,1,2,1,3,1,2,2,2,4.0,6.0,0.0,0.0,No effect,I understand.
9/19/2022 9:37:09,17.0,Spotify,2.0,Yes,No,No,Folk,Yes,Yes,116.0,3,2,0,3,2,1,3,0,2,2,0,3,1,0,2,1,9.0,4.0,0.0,1.0,Improve,I understand.
9/19/2022 18:34:27,21.0,Spotify,3.0,No,No,No,Rap,Yes,Yes,145.0,2,0,0,1,0,3,0,0,0,2,1,2,2,3,1,2,9.0,7.0,7.0,5.0,Improve,I understand.
9/19/2022 23:53:37,36.0,YouTube Music,3.0,Yes,No,No,Country,No,Yes,105.0,3,3,2,0,0,1,0,3,2,0,0,1,2,0,0,0,1.0,0.0,1.0,0.0,Improve,I understand.
9/21/2022 21:12:20,18.0,Spotify,4.0,No,No,No,R&B,Yes,Yes,80.0,1,0,1,0,2,3,0,3,0,1,0,3,3,3,0,0,8.0,7.0,2.0,6.0,Improve,I understand.
9/22/2022 12:32:45,18.0,Spotify,1.0,No,No,No,K pop,No,Yes,100.0,0,0,1,0,0,3,0,3,0,2,0,2,2,1,1,0,5.0,1.0,4.0,0.0,Improve,I understand.
9/22/2022 15:03:22,18.0,Apple Music,5.0,Yes,Yes,No,Latin,Yes,Yes,73.0,3,2,1,0,0,2,1,2,3,2,0,3,2,1,2,0,10.0,6.0,0.0,0.0,Improve,I understand.
9/23/2022 21:07:24,18.0,Apple Music,2.0,Yes,No,No,R&B,Yes,No,80.0,0,0,0,0,0,2,0,3,0,0,0,3,3,3,0,0,7.0,5.0,5.0,5.0,Improve,I understand.
9/23/2022 23:06:29,18.0,I do not use a streaming service.,1.0,Yes,No,No,Classical,No,No,120.0,2,2,1,1,1,2,2,1,1,3,0,1,1,1,1,1,2.0,0.0,0.0,5.0,No effect,I understand.
9/23/2022 23:43:10,18.0,I do not use a streaming service.,1.0,No,Yes,No,Classical,No,No,117.0,3,0,2,0,0,2,1,0,0,0,0,2,0,1,0,1,7.0,0.0,0.0,0.0,No effect,I understand.
9/24/2022 10:25:15,20.0,Spotify,6.0,Yes,No,No,R&B,Yes,Yes,89.0,1,0,0,1,0,2,0,2,2,2,0,3,3,3,0,1,4.0,1.0,1.0,0.0,Improve,I understand.
9/24/2022 10:59:12,19.0,Spotify,3.0,Yes,No,No,Hip hop,Yes,No,115.0,2,0,1,0,0,3,1,1,0,2,0,3,3,3,0,1,3.0,8.0,0.0,2.0,Improve,I understand.
9/25/2022 14:01:57,17.0,Spotify,4.0,Yes,No,No,Hip hop,Yes,No,144.0,2,0,0,0,0,3,0,0,0,3,0,2,0,3,0,0,7.0,0.0,2.0,2.0,Improve,I understand.
9/27/2022 8:17:33,23.0,Spotify,4.0,Yes,No,No,Video game music,Yes,Yes,105.0,1,1,3,1,1,1,1,1,0,3,2,2,2,2,2,3,10.0,8.0,10.0,0.0,Improve,I understand.
9/27/2022 11:46:56,18.0,YouTube Music,1.0,Yes,Yes,Yes,Pop,Yes,No,114.0,0,1,0,2,1,1,0,2,0,2,0,3,1,2,2,0,7.0,1.0,1.0,1.0,Improve,I understand.
9/27/2022 13:32:27,19.0,Spotify,2.0,Yes,Yes,No,Pop,Yes,Yes,145.0,1,0,2,0,0,0,0,2,0,0,1,3,0,1,2,2,5.0,9.0,1.0,7.0,No effect,I understand.
9/28/2022 17:25:48,89.0,Spotify,24.0,Yes,Yes,Yes,Rap,No,No,143.0,0,0,1,1,0,3,2,0,0,1,1,1,2,3,1,0,0.0,0.0,0.0,0.0,No effect,I understand.
9/28/2022 19:37:41,20.0,Spotify,5.0,Yes,Yes,Yes,R&B,Yes,Yes,128.0,3,2,0,2,0,3,1,3,3,3,0,3,3,3,3,2,10.0,6.0,3.0,8.0,Improve,I understand.
9/29/2022 17:54:15,16.0,Spotify,3.0,No,Yes,No,Rock,Yes,Yes,90.0,1,0,0,1,0,2,2,0,2,0,0,0,2,2,3,0,7.0,3.5,3.5,5.5,Improve,I understand.
10/2/2022 7:52:02,17.0,Spotify,4.0,Yes,Yes,Yes,Country,Yes,Yes,110.0,2,3,0,0,0,1,2,3,1,2,0,3,1,1,2,0,2.0,0.0,0.0,2.0,Improve,I understand.
10/3/2022 9:30:19,16.0,Spotify,9.0,Yes,No,No,Metal,No,Yes,130.0,1,0,0,1,0,0,0,1,1,0,3,2,1,1,3,0,10.0,10.0,10.0,8.0,Improve,I understand.
10/3/2022 10:25:46,30.0,YouTube Music,1.0,Yes,Yes,No,Rock,Yes,Yes,115.0,2,1,1,1,1,1,1,2,0,2,2,3,1,1,3,2,9.0,7.0,8.0,4.0,Improve,I understand.
10/3/2022 10:53:28,37.0,Spotify,2.0,Yes,No,No,Folk,Yes,No,186.0,2,2,0,2,0,1,2,0,0,0,1,2,1,1,2,2,6.0,4.0,5.0,0.0,Improve,I understand.
10/3/2022 11:30:10,44.0,YouTube Music,1.5,No,No,No,Folk,No,No,99.0,1,3,0,3,1,2,0,0,0,0,0,1,1,2,2,0,8.0,5.0,9.0,4.0,Improve,I understand.
10/3/2022 13:01:06,21.0,Spotify,2.0,Yes,Yes,No,Metal,Yes,Yes,150.0,0,1,1,0,0,0,0,0,0,0,3,1,0,2,3,1,3.0,7.0,0.0,0.0,Improve,I understand.
10/3/2022 13:47:14,19.0,Spotify,4.0,Yes,Yes,No,Pop,Yes,No,149.0,2,2,0,1,0,0,0,0,0,2,0,3,0,0,0,0,9.0,1.0,0.0,9.0,Improve,I understand.
10/3/2022 16:43:32,26.0,Spotify,1.0,No,No,No,Country,Yes,No,120.0,2,3,2,1,0,1,0,0,0,0,1,2,0,0,2,1,4.0,1.0,1.0,6.0,Improve,I understand.
10/3/2022 20:03:57,18.0,Spotify,3.0,Yes,No,No,Video game music,Yes,Yes,140.0,2,0,0,0,0,1,2,0,0,1,1,1,1,1,2,3,6.0,5.0,3.0,1.0,No effect,I understand.
10/4/2022 0:48:34,35.0,Spotify,4.0,Yes,Yes,Yes,Hip hop,Yes,No,90.0,2,1,1,2,0,3,3,0,2,3,1,3,3,3,2,3,7.0,8.0,6.0,5.0,Improve,I understand.
10/4/2022 4:50:49,16.0,Spotify,8.0,Yes,Yes,Yes,Rock,Yes,No,120.0,3,0,1,2,0,0,1,1,1,1,1,2,1,0,3,2,8.0,9.0,5.0,10.0,Improve,I understand.
10/4/2022 8:12:33,19.0,Spotify,5.0,Yes,No,No,Metal,Yes,Yes,210.0,0,0,3,0,0,1,0,0,0,0,3,1,0,1,3,2,8.0,6.0,7.0,0.0,Improve,I understand.
10/4/2022 14:50:28,17.0,YouTube Music,8.0,Yes,No,No,Pop,Yes,Yes,95.0,1,0,3,0,0,2,1,0,0,3,0,3,0,1,1,3,5.0,2.0,4.0,7.0,No effect,I understand.
10/4/2022 19:33:42,29.0,Apple Music,1.0,No,No,No,Country,Yes,No,163.0,2,3,0,2,2,2,1,0,1,0,1,2,1,1,3,0,9.0,3.0,2.0,0.0,No effect,I understand.
10/4/2022 19:43:11,21.0,Spotify,4.0,Yes,Yes,Yes,Pop,No,No,97.0,1,2,0,2,2,1,2,0,0,0,0,2,2,1,2,0,4.0,6.0,3.0,4.0,Improve,I understand.
10/5/2022 8:58:16,17.0,Spotify,1.0,No,No,No,Metal,Yes,Yes,137.0,2,0,0,1,0,1,1,1,2,1,3,2,0,1,3,1,9.0,8.0,4.0,0.0,Improve,I understand.
10/6/2022 3:35:11,17.0,Spotify,1.0,Yes,Yes,No,Metal,Yes,Yes,70.0,1,0,1,2,0,0,0,0,3,3,3,2,0,0,3,3,8.0,3.0,9.0,2.0,No effect,I understand.
10/6/2022 9:17:46,22.0,Spotify,3.0,Yes,No,No,Video game music,Yes,Yes,150.0,1,1,2,2,0,1,2,1,1,1,2,3,1,1,2,3,10.0,10.0,6.0,8.0,Improve,I understand.
10/9/2022 22:15:59,17.0,Spotify,5.0,Yes,No,No,Hip hop,Yes,No,168.0,1,2,3,0,2,3,0,2,0,2,1,3,3,3,1,1,7.0,7.0,5.0,5.0,Improve,I understand.
10/11/2022 15:46:46,19.0,Spotify,5.0,Yes,Yes,No,Pop,Yes,Yes,163.0,3,2,1,0,1,1,1,3,2,3,1,3,1,1,2,1,10.0,8.0,1.0,0.0,Improve,I understand.
10/14/2022 18:01:12,19.0,Spotify,4.0,Yes,No,No,Pop,Yes,Yes,140.0,2,1,2,0,0,2,2,1,1,2,2,3,2,2,2,2,8.0,6.0,2.0,0.0,Improve,I understand.
10/14/2022 20:42:26,16.0,Spotify,6.0,Yes,No,No,Pop,Yes,Yes,105.0,1,1,2,1,0,3,2,3,3,1,0,3,3,3,0,0,10.0,7.0,6.0,10.0,Improve,I understand.
10/15/2022 14:00:55,19.0,Spotify,6.0,Yes,No,No,Pop,Yes,Yes,78.0,1,1,1,0,0,2,2,2,1,2,0,3,1,1,1,2,6.0,6.0,8.0,0.0,Improve,I understand.
10/22/2022 15:20:29,13.0,Spotify,1.0,Yes,No,No,Video game music,Yes,No,128.0,1,2,0,1,0,3,1,1,1,3,3,3,0,2,2,3,10.0,10.0,8.0,4.0,Worsen,I understand.
10/23/2022 20:50:27,18.0,Apple Music,18.0,Yes,No,No,EDM,Yes,No,90.0,2,1,3,0,1,2,2,0,0,2,2,1,2,2,2,2,9.0,8.0,5.0,10.0,Improve,I understand.
10/26/2022 19:45:54,26.0,YouTube Music,1.0,Yes,No,No,Metal,Yes,Yes,136.0,2,1,2,3,0,0,1,0,0,1,3,1,0,0,0,1,0.0,0.0,0.0,0.0,No effect,I understand.
10/30/2022 7:24:08,14.0,Other streaming service,7.0,Yes,Yes,No,Country,Yes,No,108.0,1,3,2,2,3,2,0,0,0,1,2,3,2,2,3,1,7.0,3.0,1.0,2.0,Improve,I understand.
10/30/2022 13:13:32,21.0,I do not use a streaming service.,0.5,No,No,No,Pop,Yes,No,95.0,0,1,2,0,0,2,1,2,0,3,0,3,2,2,3,0,6.0,2.0,2.0,0.0,Improve,I understand.
10/30/2022 13:15:26,21.0,Spotify,2.0,Yes,No,No,R&B,Yes,Yes,147.0,2,0,2,1,0,0,2,3,0,2,1,2,3,2,2,2,7.0,6.0,4.0,6.0,Improve,I understand.
10/30/2022 14:37:28,17.0,Spotify,2.0,Yes,Yes,No,Rock,Yes,Yes,120.0,3,1,0,2,0,2,1,0,2,1,1,3,0,1,3,0,7.0,6.0,0.0,9.0,Improve,I understand.
11/1/2022 22:26:42,18.0,Spotify,1.0,Yes,Yes,No,Pop,Yes,Yes,160.0,1,1,0,0,0,0,1,0,0,1,0,3,0,0,2,2,3.0,2.0,2.0,5.0,Improve,I understand.
11/3/2022 23:24:38,19.0,Other streaming service,6.0,Yes,No,Yes,Rap,Yes,No,120.0,1,2,2,1,1,3,1,1,1,2,1,2,2,2,1,1,2.0,2.0,2.0,2.0,Improve,I understand.
11/4/2022 17:31:47,19.0,Spotify,5.0,Yes,Yes,No,Classical,No,No,170.0,3,0,0,0,0,0,1,0,0,0,0,0,0,0,0,2,2.0,3.0,2.0,1.0,Improve,I understand.
11/9/2022 1:55:20,29.0,YouTube Music,2.0,Yes,No,No,Hip hop,Yes,Yes,98.0,2,1,3,2,1,3,3,2,0,1,0,2,3,3,3,1,2.0,2.0,2.0,5.0,Improve,I understand.
